keyword,returned,ok,search_volume,cpc,competition,error,2025-07,2025-08,2025-09,2025-10,2025-11,2025-12,2026-01,2026-02,2026-03,2026-04,2026-05,2026-06
laptop,True,True,673000,1.8,HIGH,,550000,550000,550000,673000,1000000,1220000,823000,823000,450000,450000,450000,450000
yoga mat,True,True,110000,1.27,HIGH,,110000,110000,110000,90500,110000,135000,135000,90500,90500,90500,90500,90500
air fryer,True,True,550000,0.78,HIGH,,450000,450000,450000,450000,550000,673000,673000,550000,550000,550000,550000,550000
kindle,True,True,673000,1.49,MEDIUM,,550000,550000,673000,673000,823000,1000000,823000,673000,673000,550000,550000,673000
protein powder,True,True,301000,1.66,HIGH,,246000,246000,246000,368000,201000,201000,301000,246000,301000,301000,673000,450000
wireless earbuds,True,True,201000,2.02,HIGH,,165000,201000,246000,201000,301000,301000,135000,110000,135000,165000,135000,74000
phone case,True,True,246000,1.84,HIGH,,246000,246000,246000,246000,368000,368000,246000,201000,201000,201000,201000,201000
water bottle,True,True,301000,0.99,HIGH,,301000,301000,301000,246000,301000,301000,246000,246000,246000,246000,246000,246000
led lights,True,True,165000,1.13,HIGH,,165000,165000,165000,201000,246000,246000,165000,135000,165000,135000,165000,135000
gaming chair,True,True,301000,1.99,HIGH,,246000,246000,201000,246000,450000,673000,246000,246000,246000,201000,201000,201000
desk lamp,True,True,49500,1.24,HIGH,,49500,60500,49500,49500,60500,60500,60500,40500,40500,40500,40500,40500
bluetooth speaker,True,True,135000,1.3,HIGH,,165000,135000,135000,135000,165000,246000,110000,110000,110000,110000,135000,135000
electric toothbrush,True,True,135000,2.33,HIGH,,135000,135000,135000,165000,201000,201000,135000,110000,135000,135000,110000,90500
hair dryer,True,True,74000,1.5,HIGH,,74000,74000,74000,74000,135000,135000,90500,74000,74000,74000,60500,60500
shampoo,True,True,135000,1.41,HIGH,,110000,110000,110000,135000,135000,135000,135000,110000,135000,135000,135000,110000
conditioner,True,True,33100,1.02,HIGH,,33100,33100,33100,33100,33100,33100,33100,33100,40500,40500,40500,40500
running shoes,True,True,368000,1.08,HIGH,,550000,550000,550000,368000,301000,246000,246000,246000,301000,246000,246000,201000
backpack,True,True,450000,0.75,HIGH,,1000000,1000000,368000,368000,368000,368000,368000,301000,301000,301000,368000,368000
coffee maker,True,True,201000,0.84,HIGH,,165000,165000,165000,201000,301000,301000,201000,165000,201000,135000,135000,135000
instant pot,True,True,246000,0.48,HIGH,,246000,246000,246000,246000,368000,368000,301000,246000,246000,201000,246000,201000
robot vacuum,True,True,135000,2.19,HIGH,,135000,135000,135000,110000,201000,165000,110000,110000,110000,110000,110000,110000
smart watch,True,True,90500,1.74,HIGH,,110000,110000,90500,90500,110000,135000,90500,74000,90500,74000,90500,90500
tablet stand,True,True,6600,0.8,HIGH,,6600,6600,9900,6600,6600,8100,6600,6600,6600,6600,5400,5400
usb c hub,True,True,14800,0.68,HIGH,,14800,18100,18100,18100,14800,18100,22200,14800,14800,14800,14800,14800
portable charger,True,True,110000,0.68,HIGH,,110000,110000,90500,110000,165000,135000,135000,90500,90500,90500,110000,135000
webcam,True,True,135000,1.27,MEDIUM,,90500,135000,135000,135000,165000,201000,165000,135000,135000,110000,110000,90500
mechanical keyboard,True,True,90500,0.96,HIGH,,74000,135000,135000,135000,110000,90500,90500,90500,90500,74000,74000,74000
gaming mouse,True,True,60500,0.85,HIGH,,49500,60500,49500,49500,74000,90500,60500,60500,60500,49500,40500,40500
monitor stand,True,True,33100,1.26,HIGH,,40500,40500,33100,33100,33100,40500,33100,33100,27100,27100,27100,27100
office chair,True,True,201000,3.74,HIGH,,201000,246000,201000,201000,246000,246000,246000,201000,201000,165000,165000,165000
standing desk,True,True,135000,5.02,HIGH,,135000,165000,135000,135000,135000,135000,135000,135000,135000,135000,135000,135000
mattress topper,True,True,110000,2.69,HIGH,,135000,201000,110000,110000,110000,110000,110000,90500,110000,90500,110000,110000
pillow,True,True,165000,2.51,HIGH,,135000,165000,165000,165000,201000,201000,165000,165000,165000,165000,165000,135000
duvet cover,True,True,165000,2.38,HIGH,,201000,165000,165000,165000,201000,201000,165000,135000,135000,135000,135000,135000
kitchen knife,True,True,33100,1.94,HIGH,,33100,33100,49500,49500,49500,49500,33100,22200,27100,27100,22200,22200
cutting board,True,True,90500,1.41,HIGH,,74000,74000,90500,90500,110000,135000,90500,74000,74000,74000,74000,60500
cast iron skillet,True,True,165000,1.22,HIGH,,135000,135000,165000,165000,201000,246000,246000,201000,165000,135000,135000,110000
blender,True,True,450000,0.97,MEDIUM,,450000,450000,450000,450000,450000,450000,450000,368000,450000,450000,450000,368000
toaster,True,True,135000,0.67,HIGH,,110000,135000,135000,135000,165000,165000,135000,110000,110000,135000,110000,110000
microwave,True,True,368000,0.68,HIGH,,368000,368000,368000,368000,450000,450000,368000,368000,368000,368000,368000,301000
air purifier,True,True,301000,2.12,HIGH,,246000,301000,246000,246000,368000,301000,301000,301000,301000,246000,246000,246000
humidifier,True,True,301000,1.02,HIGH,,165000,165000,201000,246000,368000,550000,450000,368000,246000,201000,165000,135000
dehumidifier,True,True,246000,1.46,HIGH,,450000,368000,246000,201000,201000,201000,165000,135000,165000,201000,246000,301000
space heater,True,True,135000,0.79,HIGH,,18100,33100,49500,201000,301000,368000,450000,201000,60500,40500,27100,18100
fan,True,True,246000,0.7,HIGH,,368000,301000,246000,246000,201000,201000,201000,201000,301000,301000,301000,368000
extension cord,True,True,110000,0.81,HIGH,,110000,135000,110000,110000,135000,135000,110000,90500,110000,110000,110000,110000
power strip,True,True,49500,0.96,HIGH,,60500,60500,49500,49500,49500,49500,49500,40500,49500,40500,40500,49500
surge protector,True,True,90500,1,HIGH,,135000,135000,110000,90500,90500,110000,110000,74000,90500,90500,90500,110000
hdmi cable,True,True,110000,0.68,HIGH,,110000,110000,110000,110000,110000,135000,110000,90500,110000,90500,90500,110000
ethernet cable,True,True,201000,0.89,HIGH,,201000,246000,201000,201000,201000,201000,201000,165000,165000,165000,165000,165000
wifi router,True,True,135000,6.25,LOW,,74000,74000,60500,60500,60500,60500,60500,49500,74000,110000,550000,246000
mesh wifi,True,True,14800,2.58,HIGH,,18100,18100,18100,14800,14800,14800,14800,9900,12100,9900,9900,9900
security camera,True,True,165000,7.54,MEDIUM,,135000,135000,135000,135000,110000,110000,110000,110000,110000,165000,550000,301000
doorbell camera,True,True,110000,3.4,LOW,,49500,49500,40500,49500,49500,49500,49500,60500,60500,110000,550000,246000
smart bulb,True,True,12100,0.62,HIGH,,12100,12100,9900,12100,14800,14800,12100,9900,9900,8100,8100,8100
smart plug,True,True,22200,0.63,HIGH,,18100,18100,18100,22200,33100,40500,22200,18100,18100,14800,18100,18100
thermostat,True,True,135000,1.03,HIGH,,135000,135000,135000,165000,165000,165000,165000,135000,135000,110000,135000,135000
pet bed,True,True,8100,1.61,HIGH,,6600,8100,8100,8100,12100,12100,9900,8100,8100,8100,8100,6600
dog leash,True,True,40500,1.41,HIGH,,40500,49500,49500,40500,40500,40500,40500,33100,40500,40500,40500,33100
cat litter,True,True,90500,2.27,HIGH,,110000,110000,110000,110000,110000,110000,110000,90500,90500,90500,90500,90500
bird feeder,True,True,60500,0.64,HIGH,,49500,40500,33100,33100,40500,60500,49500,49500,74000,90500,135000,74000
camping tent,True,True,49500,0.39,HIGH,,135000,110000,60500,49500,33100,27100,27100,22200,33100,40500,49500,60500
sleeping bag,True,True,110000,0.59,MEDIUM,,90500,74000,74000,90500,90500,74000,90500,60500,74000,74000,90500,550000
hiking backpack,True,True,40500,0.68,HIGH,,49500,90500,60500,33100,33100,33100,40500,33100,40500,40500,49500,49500
fishing rod,True,True,135000,0.44,HIGH,,165000,165000,135000,135000,110000,110000,90500,90500,135000,165000,201000,165000
bicycle pump,True,True,27100,0.5,HIGH,,33100,33100,27100,27100,22200,22200,18100,14800,22200,27100,27100,33100
bike lock,True,True,40500,0.56,HIGH,,49500,60500,49500,33100,27100,22200,27100,22200,33100,40500,49500,49500
car phone mount,True,True,9900,0.9,HIGH,,14800,14800,14800,9900,12100,14800,9900,9900,8100,8100,8100,8100
dash cam,True,True,90500,1.15,HIGH,,90500,90500,74000,90500,110000,135000,90500,74000,74000,74000,74000,74000
tire inflator,True,True,33100,0.69,HIGH,,33100,27100,33100,33100,40500,49500,33100,27100,27100,22200,22200,22200
jump starter,True,True,90500,1.37,HIGH,,74000,90500,74000,90500,90500,110000,110000,74000,74000,74000,74000,74000
tool set,True,True,33100,0.7,HIGH,,27100,27100,27100,27100,49500,60500,27100,27100,27100,27100,27100,27100
drill,True,True,110000,0.54,HIGH,,110000,110000,110000,135000,135000,135000,135000,110000,135000,110000,110000,110000
screwdriver set,True,True,18100,0.73,HIGH,,14800,18100,14800,14800,27100,27100,18100,14800,14800,14800,14800,14800
measuring tape,True,True,110000,0.72,HIGH,,90500,110000,110000,110000,90500,90500,90500,90500,110000,110000,110000,90500
paint roller,True,True,22200,0.65,HIGH,,27100,27100,22200,22200,22200,18100,22200,18100,22200,22200,22200,22200
garden hose,True,True,60500,0.79,HIGH,,90500,60500,49500,40500,33100,22200,27100,33100,60500,74000,90500,90500
lawn mower,True,True,301000,0.97,HIGH,,450000,368000,246000,201000,135000,110000,135000,165000,368000,550000,550000,450000
plant pot,True,True,33100,0.65,HIGH,,33100,40500,33100,33100,33100,27100,33100,27100,40500,49500,49500,33100
fertilizer,True,True,74000,0.72,HIGH,,60500,60500,74000,60500,49500,40500,49500,60500,135000,135000,110000,90500
sunscreen,True,True,110000,1.12,HIGH,,165000,110000,74000,60500,60500,60500,74000,74000,135000,135000,201000,201000
moisturizer,True,True,74000,1.24,HIGH,,74000,90500,74000,74000,90500,90500,90500,74000,74000,74000,74000,74000
face wash,True,True,49500,1.21,HIGH,,49500,49500,49500,49500,60500,60500,49500,49500,49500,49500,49500,49500
body lotion,True,True,27100,1.31,HIGH,,27100,27100,27100,22200,33100,40500,22200,22200,22200,22200,22200,22200
deodorant,True,True,201000,2.8,HIGH,,201000,246000,201000,201000,165000,165000,165000,165000,201000,201000,201000,165000
razor,True,True,165000,2.22,HIGH,,165000,201000,165000,165000,165000,201000,165000,135000,165000,165000,165000,165000
nail clipper,True,True,49500,1.31,HIGH,,49500,49500,49500,49500,49500,60500,49500,40500,40500,40500,40500,40500
toothbrush,True,True,74000,1.99,HIGH,,60500,74000,90500,90500,90500,90500,90500,74000,90500,90500,90500,60500
toothpaste,True,True,90500,1.31,HIGH,,90500,110000,90500,110000,90500,90500,110000,90500,110000,110000,110000,90500
floss,True,True,49500,1.53,HIGH,,49500,49500,49500,49500,49500,49500,49500,49500,49500,49500,49500,40500
vitamins,True,True,201000,5.52,HIGH,,110000,301000,165000,201000,201000,368000,301000,135000,368000,201000,246000,110000
protein bar,True,True,201000,0.98,HIGH,,246000,301000,246000,201000,165000,135000,201000,201000,201000,165000,165000,165000
granola,True,True,110000,3.47,HIGH,,110000,110000,110000,110000,90500,90500,135000,135000,135000,135000,135000,135000
olive oil,True,True,135000,1.69,HIGH,,135000,135000,135000,135000,135000,135000,165000,135000,165000,135000,135000,110000
rice cooker,True,True,201000,0.64,HIGH,,201000,201000,201000,165000,246000,246000,246000,165000,165000,165000,165000,165000
slow cooker,True,True,90500,0.53,HIGH,,49500,74000,74000,90500,110000,135000,135000,74000,74000,60500,49500,60500
waffle maker,True,True,74000,0.45,HIGH,,60500,74000,60500,74000,110000,110000,90500,74000,74000,60500,60500,60500
ice cream maker,True,True,135000,0.55,HIGH,,301000,201000,135000,135000,201000,165000,135000,90500,90500,90500,135000,165000
juicer,True,True,110000,1.12,HIGH,,90500,110000,90500,110000,135000,165000,135000,110000,110000,90500,90500,74000
food processor,True,True,135000,0.74,HIGH,,110000,110000,110000,135000,201000,201000,135000,110000,110000,110000,110000,90500
hand mixer,True,True,60500,0.55,HIGH,,40500,40500,49500,60500,110000,110000,49500,40500,40500,40500,40500,33100
phone charger,True,True,40500,0.93,HIGH,,40500,40500,40500,40500,40500,49500,49500,33100,33100,33100,33100,33100
usb cable,True,True,27100,0.84,HIGH,,27100,27100,27100,27100,27100,27100,27100,22200,22200,22200,22200,27100
laptop stand,True,True,40500,1.33,HIGH,,49500,49500,40500,40500,40500,49500,49500,40500,40500,40500,40500,40500
microphone,True,True,165000,0.58,HIGH,,135000,165000,201000,201000,201000,201000,201000,201000,165000,165000,165000,135000
headset,True,True,49500,1.74,HIGH,,49500,49500,49500,49500,60500,74000,49500,40500,40500,40500,40500,40500
keyboard,True,True,450000,0.52,HIGH,,368000,450000,450000,450000,450000,550000,450000,450000,450000,368000,368000,368000
mouse,True,True,301000,0.84,MEDIUM,,201000,246000,301000,301000,301000,301000,301000,301000,301000,301000,301000,201000
mouse pad,True,True,90500,1.19,HIGH,,74000,90500,74000,74000,110000,135000,90500,74000,74000,74000,74000,74000
desk organizer,True,True,40500,0.84,HIGH,,49500,60500,49500,40500,49500,49500,49500,33100,33100,27100,27100,27100
monitor arm,True,True,22200,1.38,HIGH,,22200,22200,18100,18100,27100,27100,27100,22200,22200,22200,22200,22200
ssd drive,True,True,27100,0.74,HIGH,,22200,22200,22200,27100,27100,33100,33100,27100,27100,27100,27100,33100
hard drive,True,True,74000,0.81,HIGH,,60500,74000,90500,74000,60500,74000,74000,74000,74000,74000,74000,60500
flash drive,True,True,49500,0.57,HIGH,,49500,60500,60500,49500,49500,49500,60500,60500,49500,49500,49500,49500
memory card,True,True,18100,0.55,HIGH,,14800,18100,18100,14800,14800,22200,18100,27100,18100,18100,22200,18100
router,True,True,110000,2.06,HIGH,,110000,110000,110000,110000,165000,110000,110000,110000,110000,110000,110000,90500
printer,True,True,246000,1.53,HIGH,,201000,246000,246000,246000,246000,246000,301000,246000,246000,246000,201000,201000
ink cartridge,True,True,14800,4.08,HIGH,,12100,14800,14800,14800,12100,12100,14800,14800,14800,14800,14800,12100
paper towels,True,True,74000,1.75,HIGH,,74000,90500,74000,74000,74000,74000,74000,60500,74000,74000,74000,74000
trash bags,True,True,40500,1.45,HIGH,,33100,40500,40500,40500,40500,40500,40500,40500,40500,40500,40500,33100
laundry detergent,True,True,110000,1.49,HIGH,,135000,135000,135000,135000,110000,110000,135000,110000,110000,110000,110000,90500
fabric softener,True,True,33100,1.14,HIGH,,33100,40500,33100,40500,40500,33100,40500,33100,40500,33100,33100,33100
dishwasher pods,True,True,22200,1.18,HIGH,,22200,22200,22200,22200,22200,22200,22200,18100,22200,22200,22200,22200
hand soap,True,True,33100,2.15,HIGH,,33100,40500,40500,33100,40500,40500,33100,27100,33100,33100,33100,33100
body wash,True,True,74000,1.33,HIGH,,74000,74000,60500,74000,90500,90500,60500,60500,60500,60500,60500,60500
lip balm,True,True,60500,1.08,HIGH,,49500,49500,49500,60500,90500,90500,74000,60500,49500,49500,40500,40500
shaving cream,True,True,40500,1.17,HIGH,,49500,40500,40500,40500,49500,40500,40500,33100,40500,40500,40500,40500
cotton swabs,True,True,22200,0.74,HIGH,,22200,22200,22200,22200,18100,22200,22200,18100,22200,18100,18100,18100
band aids,True,True,90500,0.61,HIGH,,90500,90500,90500,90500,90500,110000,90500,74000,90500,90500,90500,74000
first aid kit,True,True,90500,2.85,HIGH,,90500,90500,90500,110000,90500,74000,90500,74000,90500,90500,90500,60500
vitamins d,True,True,368000,1.45,HIGH,,301000,301000,301000,368000,368000,368000,368000,368000,368000,368000,368000,301000
fish oil,True,True,74000,1.38,HIGH,,110000,74000,74000,74000,74000,74000,74000,74000,74000,74000,90500,90500
collagen,True,True,246000,3.13,HIGH,,246000,246000,246000,246000,201000,201000,246000,246000,301000,246000,246000,201000
creatine,True,True,673000,2.59,HIGH,,673000,673000,673000,550000,550000,550000,823000,673000,823000,673000,673000,673000
pre workout,True,True,110000,1.74,HIGH,,110000,90500,90500,90500,90500,90500,135000,110000,110000,110000,90500,90500
protein shake,True,True,301000,2.47,HIGH,,301000,301000,246000,301000,201000,201000,301000,301000,301000,301000,246000,301000
meal prep containers,True,True,74000,0.6,HIGH,,60500,74000,74000,60500,60500,74000,165000,49500,74000,60500,49500,40500
water filter,True,True,110000,3.5,HIGH,,110000,110000,110000,110000,110000,110000,110000,90500,110000,110000,110000,90500
coffee beans,True,True,201000,1.09,HIGH,,201000,201000,201000,201000,201000,246000,201000,165000,201000,165000,165000,165000
tea bags,True,True,27100,0.63,HIGH,,27100,27100,33100,33100,33100,33100,33100,22200,27100,22200,18100,18100
matcha,True,True,823000,1.04,HIGH,,823000,823000,823000,673000,673000,673000,673000,673000,823000,823000,823000,823000
protein cookies,True,True,22200,0.65,HIGH,,27100,27100,22200,22200,18100,18100,27100,22200,27100,22200,22200,22200
energy drinks,True,True,246000,3.81,HIGH,,201000,201000,246000,201000,201000,301000,246000,201000,201000,246000,201000,201000
soda stream,True,True,110000,2.4,HIGH,,110000,90500,74000,90500,135000,135000,110000,90500,90500,90500,90500,90500
blender bottle,True,True,33100,1.08,HIGH,,33100,33100,27100,27100,33100,33100,40500,33100,33100,27100,27100,27100
lunch box,True,True,201000,0.47,HIGH,,301000,368000,201000,165000,201000,201000,165000,165000,165000,165000,165000,165000
thermos,True,True,74000,0.48,HIGH,,60500,74000,74000,90500,90500,90500,74000,60500,60500,60500,90500,49500
travel mug,True,True,12100,1.08,HIGH,,8100,12100,9900,12100,22200,27100,9900,8100,8100,8100,8100,6600
wine glasses,True,True,60500,1.25,HIGH,,49500,60500,60500,60500,90500,110000,60500,60500,49500,49500,49500,40500
baking sheet,True,True,40500,1.04,HIGH,,40500,40500,49500,49500,60500,60500,49500,40500,33100,33100,33100,33100
mixing bowls,True,True,18100,0.8,HIGH,,14800,14800,18100,18100,33100,33100,18100,14800,14800,14800,14800,12100
storage bins,True,True,74000,0.92,HIGH,,74000,74000,60500,74000,74000,74000,90500,60500,74000,74000,74000,74000
vacuum bags,True,True,12100,0.79,HIGH,,14800,14800,12100,12100,12100,14800,14800,9900,12100,14800,14800,14800
hangers,True,True,74000,0.97,HIGH,,74000,90500,74000,74000,74000,74000,74000,60500,90500,74000,74000,60500
shoe rack,True,True,165000,0.85,HIGH,,165000,201000,165000,165000,165000,165000,165000,135000,165000,135000,135000,135000
laundry basket,True,True,90500,0.74,HIGH,,90500,110000,90500,90500,90500,90500,110000,90500,90500,90500,90500,90500
ironing board,True,True,49500,0.44,HIGH,,60500,74000,60500,60500,60500,49500,49500,40500,49500,49500,49500,49500
steam iron,True,True,27100,0.65,HIGH,,33100,33100,33100,33100,27100,33100,22200,22200,22200,22200,22200,22200
tower fan,True,True,33100,0.57,HIGH,,74000,49500,33100,27100,18100,14800,14800,18100,40500,40500,40500,60500
ceiling fan,True,True,201000,1.38,HIGH,,246000,246000,201000,201000,165000,135000,165000,165000,201000,201000,201000,246000
light bulbs,True,True,135000,1.59,HIGH,,90500,135000,165000,165000,165000,165000,165000,135000,165000,135000,135000,90500
smoke detector,True,True,90500,1.25,HIGH,,90500,90500,90500,110000,90500,90500,110000,90500,90500,90500,74000,74000
carbon monoxide detector,True,True,246000,2.05,HIGH,,246000,201000,201000,246000,301000,301000,368000,301000,301000,201000,201000,201000
fire extinguisher,True,True,165000,2.76,HIGH,,135000,201000,165000,165000,135000,135000,165000,135000,165000,135000,135000,135000
tape measure,True,True,110000,0.72,HIGH,,90500,110000,110000,110000,90500,90500,90500,90500,110000,110000,110000,90500
level tool,True,True,14800,0.6,HIGH,,14800,18100,14800,14800,14800,14800,14800,12100,14800,14800,14800,14800
paint brushes,True,True,74000,0.5,HIGH,,49500,90500,90500,90500,74000,60500,74000,74000,74000,74000,74000,49500
wallpaper,True,True,1220000,1.62,HIGH,,1000000,1500000,1500000,1220000,1220000,1220000,1500000,1220000,1220000,1220000,1000000,823000
curtain rods,True,True,135000,1.1,HIGH,,135000,165000,135000,135000,165000,135000,135000,110000,135000,110000,110000,135000
blackout curtains,True,True,135000,1.62,HIGH,,201000,201000,135000,135000,165000,135000,135000,110000,135000,135000,165000,165000
throw pillows,True,True,60500,1.12,HIGH,,74000,74000,74000,60500,74000,60500,60500,49500,60500,49500,60500,60500
blanket,True,True,201000,1.75,HIGH,,110000,135000,165000,201000,301000,301000,201000,165000,165000,165000,165000,135000
bed sheets,True,True,110000,2.34,HIGH,,110000,110000,110000,110000,135000,110000,110000,90500,90500,90500,90500,90500
pillow cases,True,True,14800,1.74,HIGH,,18100,18100,14800,18100,18100,18100,18100,14800,14800,14800,14800,14800
alarm clock,True,True,301000,1.16,MEDIUM,,246000,301000,368000,368000,301000,301000,301000,301000,301000,301000,301000,246000
night light,True,True,40500,0.52,HIGH,,40500,40500,40500,40500,49500,49500,49500,40500,40500,40500,40500,40500
book light,True,True,22200,0.49,HIGH,,14800,14800,14800,18100,33100,40500,27100,22200,18100,18100,18100,14800
kindle case,True,True,33100,1.29,HIGH,,27100,22200,22200,22200,40500,74000,49500,27100,27100,22200,27100,33100
ipad case,True,True,110000,0.73,HIGH,,90500,90500,90500,90500,135000,201000,110000,90500,90500,74000,74000,74000
phone holder,True,True,22200,0.88,HIGH,,22200,22200,27100,22200,27100,33100,22200,22200,22200,22200,22200,22200
car mount,True,True,8100,0.93,HIGH,,6600,6600,5400,6600,9900,18100,9900,6600,8100,8100,6600,6600
car vacuum,True,True,40500,0.72,HIGH,,49500,40500,40500,40500,49500,60500,33100,33100,49500,40500,40500,40500
car phone charger,True,True,4400,0.62,HIGH,,5400,5400,4400,4400,4400,4400,4400,3600,4400,4400,4400,4400
bike lights,True,True,22200,0.74,HIGH,,22200,27100,27100,27100,27100,22200,14800,12100,18100,22200,22200,18100
helmet,True,True,135000,0.78,HIGH,,135000,135000,135000,135000,135000,135000,135000,110000,135000,201000,135000,135000
yoga block,True,True,22200,0.82,HIGH,,18100,18100,18100,18100,22200,27100,27100,22200,22200,22200,22200,22200
resistance bands,True,True,74000,0.94,HIGH,,74000,74000,60500,60500,60500,74000,74000,74000,74000,74000,74000,74000
dumbbells,True,True,201000,1.11,HIGH,,201000,201000,201000,201000,201000,201000,301000,201000,201000,201000,201000,201000
kettlebell,True,True,110000,0.96,HIGH,,90500,90500,90500,90500,110000,135000,165000,110000,110000,110000,110000,110000
jump rope,True,True,246000,1.05,MEDIUM,,74000,90500,301000,368000,301000,301000,301000,246000,301000,246000,301000,246000
foam roller,True,True,49500,0.65,HIGH,,49500,49500,49500,49500,49500,60500,49500,49500,60500,60500,49500,49500
massage gun,True,True,135000,1.87,HIGH,,110000,110000,110000,110000,201000,301000,110000,110000,110000,110000,90500,90500
running belt,True,True,22200,1.29,HIGH,,22200,22200,27100,18100,22200,18100,14800,14800,22200,27100,22200,22200
gym bag,True,True,60500,1.39,HIGH,,60500,60500,49500,49500,90500,135000,90500,60500,60500,49500,49500,49500
camping stove,True,True,40500,0.48,HIGH,,49500,49500,33100,33100,33100,33100,74000,27100,40500,40500,49500,49500
flashlight,True,True,368000,1.94,HIGH,,368000,368000,368000,450000,450000,450000,450000,301000,368000,368000,368000,301000
headlamp,True,True,33100,1.07,HIGH,,22200,22200,27100,33100,74000,49500,27100,22200,22200,22200,22200,22200
pocket knife,True,False,,,,null search_volume,,,,,,,,,,,,
multi tool,True,True,60500,0.73,HIGH,,49500,60500,49500,74000,74000,90500,60500,49500,49500,40500,49500,49500
suitcase,True,True,165000,1.68,HIGH,,165000,135000,135000,135000,165000,165000,165000,135000,201000,165000,201000,165000
travel adapter,True,True,9900,0.65,HIGH,,12100,14800,9900,8100,8100,9900,9900,6600,9900,8100,9900,6600
packing cubes,True,True,49500,1.27,HIGH,,74000,60500,40500,40500,49500,60500,40500,33100,49500,49500,49500,60500
passport holder,True,True,27100,1.12,HIGH,,27100,22200,22200,18100,27100,40500,27100,27100,27100,27100,27100,27100
wallet,True,True,368000,1.53,HIGH,,301000,368000,368000,368000,450000,450000,368000,301000,368000,368000,368000,368000
crossbody bag,True,True,110000,1.2,HIGH,,110000,135000,110000,90500,110000,135000,90500,74000,90500,90500,90500,90500
tote bag,True,True,301000,1.19,HIGH,,368000,450000,301000,301000,368000,368000,301000,246000,301000,301000,301000,301000
messenger bag,True,True,60500,0.95,HIGH,,74000,90500,60500,49500,60500,60500,60500,49500,60500,90500,60500,49500
sunglasses,True,True,301000,2.13,HIGH,,368000,368000,368000,246000,301000,246000,201000,246000,368000,368000,450000,368000
reading glasses,True,True,49500,2.85,HIGH,,49500,60500,60500,60500,60500,49500,60500,49500,49500,49500,40500,40500
watch band,True,True,22200,1.52,HIGH,,22200,22200,22200,22200,22200,27100,22200,18100,22200,22200,22200,22200
necklace,True,True,201000,1.4,HIGH,,165000,165000,165000,201000,246000,301000,165000,165000,165000,201000,201000,165000
bracelet,True,True,201000,1.58,HIGH,,201000,201000,201000,201000,246000,301000,165000,165000,165000,201000,201000,201000
earrings,True,True,201000,1.71,HIGH,,165000,165000,165000,201000,301000,301000,201000,201000,246000,246000,246000,246000
ring box,True,True,14800,0.93,HIGH,,14800,14800,14800,14800,18100,22200,14800,14800,18100,14800,14800,14800
jewelry organizer,True,True,22200,0.79,HIGH,,22200,27100,18100,18100,33100,40500,27100,14800,18100,18100,18100,18100
dog collar,True,True,90500,2.1,HIGH,,90500,90500,90500,90500,90500,90500,90500,74000,90500,74000,74000,74000
aquarium filter,True,True,27100,0.8,HIGH,,33100,33100,33100,33100,27100,27100,33100,27100,27100,22200,18100,18100
plant pots,True,True,33100,0.65,HIGH,,33100,40500,33100,33100,33100,27100,33100,27100,40500,49500,49500,33100
leaf blower,True,True,110000,0.97,HIGH,,74000,90500,90500,135000,246000,110000,74000,60500,110000,110000,90500,90500
pressure washer,True,True,301000,1.49,HIGH,,450000,368000,368000,301000,246000,201000,201000,301000,368000,368000,368000,368000
patio furniture,True,True,201000,1.93,HIGH,,246000,246000,201000,165000,135000,90500,110000,165000,301000,301000,368000,246000
grill cover,True,True,18100,1.04,HIGH,,27100,18100,18100,14800,18100,14800,9900,9900,18100,22200,27100,27100
coolers,True,True,60500,1.23,HIGH,,90500,74000,60500,49500,49500,40500,40500,40500,60500,60500,74000,74000
ice packs,True,True,40500,1.64,HIGH,,49500,49500,40500,40500,33100,33100,33100,33100,40500,40500,49500,49500
beach towel,True,True,49500,1.22,HIGH,,90500,60500,27100,18100,27100,27100,27100,33100,74000,60500,90500,110000
swim goggles,True,True,40500,0.86,HIGH,,74000,49500,33100,27100,27100,27100,27100,27100,40500,40500,40500,74000
snorkel set,True,True,2400,0.87,HIGH,,4400,2900,1900,1900,2400,2400,1900,1900,2400,2400,2900,3600
tackle box,True,True,49500,0.55,HIGH,,60500,49500,40500,33100,40500,49500,33100,33100,40500,49500,60500,60500
binoculars,True,True,135000,1.65,HIGH,,110000,135000,135000,135000,165000,135000,110000,110000,110000,135000,135000,110000
telescope,True,True,135000,0.99,HIGH,,90500,135000,165000,165000,201000,201000,135000,135000,165000,165000,135000,110000
microscope kit,True,True,390,2.44,HIGH,,390,320,390,390,480,720,260,260,260,320,260,210
lego set,True,True,368000,0.37,HIGH,,201000,246000,201000,201000,550000,1000000,450000,246000,246000,201000,201000,201000
board games,True,True,246000,0.4,HIGH,,201000,246000,246000,246000,368000,368000,301000,201000,246000,246000,301000,201000
puzzles,True,True,368000,1.22,MEDIUM,,246000,301000,368000,450000,450000,550000,450000,368000,368000,368000,368000,246000
playdough,True,True,27100,0.38,HIGH,,22200,40500,40500,33100,33100,33100,27100,27100,27100,22200,22200,18100
crayons,True,True,90500,0.35,HIGH,,90500,135000,110000,110000,90500,90500,90500,90500,110000,90500,90500,74000
markers,True,True,74000,0.4,HIGH,,60500,90500,74000,90500,90500,90500,74000,74000,74000,74000,74000,60500
sketchbook,True,True,74000,0.52,HIGH,,49500,90500,90500,74000,90500,90500,74000,60500,60500,49500,49500,40500
watercolor paints,True,True,90500,1.2,HIGH,,90500,90500,90500,90500,90500,90500,110000,74000,90500,74000,74000,60500
canvas panels,True,True,1900,0.55,HIGH,,1900,2400,2400,1900,1900,2400,2400,1900,1900,1900,1900,1900
guitar strings,True,True,90500,0.92,HIGH,,110000,110000,110000,110000,110000,135000,110000,90500,90500,90500,74000,74000
piano keyboard,True,True,90500,1.02,HIGH,,49500,74000,110000,110000,110000,135000,110000,110000,110000,110000,110000,60500
drum sticks,True,True,74000,0.67,HIGH,,74000,74000,74000,74000,74000,74000,60500,60500,60500,74000,74000,74000
microphone stand,True,True,27100,0.77,HIGH,,27100,27100,27100,27100,27100,33100,27100,22200,27100,22200,22200,22200
camera tripod,True,True,12100,0.89,HIGH,,14800,14800,12100,12100,12100,14800,12100,9900,9900,9900,8100,8100
camera bag,True,True,22200,1.23,HIGH,,22200,27100,27100,22200,27100,33100,22200,18100,22200,22200,22200,18100
lens cleaner,True,True,2900,1.24,HIGH,,2900,3600,3600,2900,2400,2900,2900,2900,2900,2900,2900,2900
drone,True,True,201000,1.18,HIGH,,201000,165000,201000,201000,246000,301000,201000,165000,201000,301000,165000,165000
action camera,True,True,49500,0.92,HIGH,,74000,90500,49500,74000,90500,74000,49500,40500,33100,27100,27100,22200
gopro mount,True,True,6600,0.68,HIGH,,8100,6600,6600,6600,5400,6600,6600,5400,5400,6600,5400,5400
sd card reader,True,True,49500,0.45,HIGH,,60500,60500,60500,60500,60500,60500,49500,40500,49500,49500,49500,49500
external battery,True,True,1300,1.25,HIGH,,1000,1000,1000,1000,1000,1300,1600,1000,1000,1000,1300,1600
power bank,True,True,74000,0.91,HIGH,,74000,74000,60500,60500,74000,90500,165000,49500,60500,60500,74000,74000
solar charger,True,True,6600,0.82,HIGH,,8100,6600,6600,6600,6600,6600,8100,4400,9900,6600,6600,6600
cable organizer,True,True,5400,2.09,HIGH,,6600,6600,5400,6600,6600,6600,6600,5400,5400,5400,5400,5400
desk mat,True,True,27100,1.11,HIGH,,27100,33100,27100,27100,27100,33100,33100,27100,27100,22200,22200,27100
monitor light,True,True,3600,0.51,HIGH,,2900,3600,2900,2900,4400,5400,4400,2900,2900,2900,2400,2900
webcam light,True,True,1000,1.02,HIGH,,1000,1000,1000,880,1000,1000,1000,880,1000,1000,880,880
ring light,True,True,40500,0.74,HIGH,,40500,40500,40500,40500,49500,60500,40500,33100,33100,33100,33100,27100
green screen,True,True,74000,0.43,MEDIUM,,90500,90500,74000,90500,74000,74000,74000,74000,74000,74000,74000,74000
tripod,True,True,74000,0.57,HIGH,,74000,74000,74000,90500,90500,90500,90500,74000,74000,74000,74000,74000
selfie stick,True,True,18100,0.38,HIGH,,22200,22200,18100,18100,18100,22200,18100,14800,14800,14800,18100,18100
bluetooth tracker,True,True,18100,1.57,HIGH,,14800,22200,14800,18100,27100,22200,22200,22200,27100,27100,12100,4400
airtag case,True,True,3600,0.58,HIGH,,3600,4400,3600,3600,5400,6600,4400,2900,2900,2900,2900,2900
key finder,True,True,40500,0.69,LOW,,40500,40500,40500,40500,40500,49500,40500,40500,40500,40500,40500,40500
label maker,True,True,74000,2.77,HIGH,,74000,90500,74000,74000,74000,90500,74000,60500,74000,74000,60500,60500
laminator,True,True,33100,1.91,HIGH,,33100,40500,33100,33100,33100,33100,33100,27100,33100,27100,33100,27100
stapler,True,True,40500,1.16,HIGH,,33100,49500,49500,49500,40500,40500,49500,40500,40500,40500,40500,33100
binder clips,True,True,33100,1.27,HIGH,,27100,33100,33100,33100,27100,27100,33100,27100,33100,33100,33100,27100
notebooks,True,True,201000,2.21,HIGH,,201000,301000,201000,201000,201000,201000,246000,201000,201000,201000,201000,135000
planners,True,True,90500,1.63,HIGH,,90500,165000,110000,90500,90500,110000,135000,74000,74000,74000,74000,74000
pens,True,True,135000,9.58,HIGH,,110000,135000,135000,165000,165000,165000,135000,135000,135000,165000,135000,110000
gel pens,True,True,27100,0.66,HIGH,,22200,33100,33100,27100,33100,33100,27100,22200,22200,22200,18100,18100
mechanical pencils,True,True,74000,0.44,HIGH,,74000,135000,74000,74000,74000,60500,60500,60500,60500,60500,49500,33100
highlighters,True,True,60500,0.49,HIGH,,74000,135000,74000,60500,60500,49500,49500,49500,49500,49500,49500,40500
sticky notes,True,True,60500,1.39,HIGH,,49500,74000,74000,74000,60500,49500,60500,49500,60500,49500,49500,40500
white board,True,True,60500,1.98,HIGH,,49500,74000,90500,74000,74000,60500,74000,60500,60500,60500,60500,49500
cork board,True,True,74000,1.07,HIGH,,74000,110000,74000,60500,60500,74000,90500,60500,60500,60500,60500,60500
calendar,True,True,3350000,0.37,MEDIUM,,2740000,3350000,4090000,3350000,3350000,3350000,3350000,3350000,3350000,3350000,3350000,2740000
desk clock,True,True,4400,0.9,HIGH,,4400,4400,3600,4400,5400,5400,6600,4400,4400,4400,4400,3600
wall clock,True,True,60500,0.93,HIGH,,49500,60500,49500,49500,74000,60500,74000,60500,60500,49500,49500,40500
picture frames,True,True,165000,2.49,HIGH,,135000,165000,165000,165000,201000,246000,165000,165000,135000,135000,165000,135000
mirrors,True,True,301000,1.28,HIGH,,246000,246000,301000,301000,301000,301000,301000,246000,368000,301000,301000,246000
vases,True,True,74000,0.94,HIGH,,49500,60500,74000,90500,74000,74000,90500,110000,90500,90500,90500,60500
candles,True,True,246000,2.23,HIGH,,165000,165000,201000,301000,368000,450000,246000,201000,201000,165000,201000,135000
essential oils,True,True,90500,2.08,HIGH,,90500,90500,90500,90500,90500,110000,90500,74000,74000,74000,74000,60500
diffuser,True,True,110000,1.95,HIGH,,90500,90500,90500,110000,135000,135000,110000,90500,110000,90500,90500,90500
incense,True,True,90500,1.34,HIGH,,74000,90500,90500,110000,110000,110000,90500,90500,90500,90500,90500,74000
room spray,True,True,9900,1.55,HIGH,,9900,9900,9900,9900,12100,12100,9900,8100,9900,8100,8100,8100
cleaning wipes,True,True,5400,2.41,HIGH,,5400,6600,5400,6600,5400,4400,5400,4400,4400,4400,5400,4400
glass cleaner,True,True,33100,0.74,HIGH,,40500,40500,33100,33100,33100,27100,33100,33100,33100,33100,27100,27100
floor cleaner,True,True,22200,2.48,HIGH,,27100,27100,27100,22200,22200,22200,22200,22200,22200,22200,18100,18100
mop,True,True,135000,0.65,HIGH,,135000,165000,165000,165000,165000,135000,135000,135000,165000,135000,135000,135000
broom,True,True,74000,0.84,HIGH,,60500,74000,74000,90500,60500,60500,74000,60500,74000,74000,74000,60500
dustpan,True,True,9900,0.85,HIGH,,9900,9900,9900,9900,9900,14800,12100,9900,9900,9900,9900,8100
sponge,True,True,74000,0.68,HIGH,,49500,74000,74000,74000,74000,74000,74000,74000,90500,90500,74000,60500
scrub brush,True,True,12100,0.83,HIGH,,14800,14800,12100,12100,12100,9900,12100,9900,14800,12100,14800,14800
rubber gloves,True,True,12100,1.89,HIGH,,12100,12100,12100,12100,12100,12100,12100,12100,12100,12100,12100,12100
apron,True,True,90500,2.14,HIGH,,74000,90500,90500,110000,110000,110000,74000,74000,74000,74000,74000,60500
oven mitts,True,True,27100,0.97,HIGH,,18100,22200,27100,27100,40500,49500,27100,22200,22200,22200,18100,18100
pot holders,True,True,18100,0.77,HIGH,,14800,18100,18100,18100,27100,33100,18100,14800,14800,14800,14800,12100
spice rack,True,True,49500,0.61,HIGH,,49500,49500,49500,49500,60500,60500,60500,40500,40500,40500,40500,40500
salt pepper shakers,True,True,1900,0.86,HIGH,,1900,1600,1600,1600,2400,2400,1900,1600,1600,1900,1900,1600
measuring cups,True,True,60500,0.49,HIGH,,49500,60500,74000,74000,74000,74000,74000,60500,60500,60500,60500,49500
measuring spoons,True,True,33100,0.57,HIGH,,22200,27100,49500,40500,40500,40500,40500,40500,27100,22200,22200,22200
can opener,True,True,49500,0.73,HIGH,,49500,49500,60500,60500,74000,74000,60500,49500,49500,49500,49500,40500
bottle opener,True,True,22200,0.71,HIGH,,27100,22200,22200,22200,27100,27100,22200,18100,22200,22200,22200,22200
corkscrew,True,True,40500,1.08,HIGH,,49500,49500,40500,49500,49500,40500,40500,33100,40500,40500,40500,33100
peeler,True,True,22200,0.37,HIGH,,14800,18100,27100,27100,27100,27100,27100,22200,27100,27100,27100,18100
grater,True,True,22200,0.4,HIGH,,22200,22200,27100,22200,27100,22200,27100,22200,22200,22200,22200,18100
colander,True,True,90500,0.66,HIGH,,60500,246000,90500,74000,74000,74000,90500,74000,74000,60500,60500,49500
salad spinner,True,True,27100,0.61,HIGH,,33100,27100,27100,27100,27100,33100,33100,22200,27100,27100,27100,27100
food scale,True,True,49500,0.68,HIGH,,49500,49500,49500,40500,49500,49500,60500,49500,49500,49500,49500,49500
kitchen timer,True,True,18100,0.63,HIGH,,9900,14800,14800,33100,27100,60500,12100,9900,9900,8100,8100,6600
instant coffee,True,True,74000,0.64,HIGH,,90500,90500,74000,90500,110000,90500,90500,60500,60500,60500,49500,49500
oat milk,True,True,90500,0.43,HIGH,,110000,110000,90500,90500,90500,90500,110000,90500,90500,90500,90500,90500
almond milk,True,True,110000,0.59,HIGH,,110000,110000,110000,90500,90500,90500,110000,90500,90500,90500,90500,90500
protein pasta,True,True,74000,0.32,HIGH,,74000,90500,74000,74000,49500,49500,110000,90500,90500,90500,90500,90500
quinoa,True,True,368000,0.27,HIGH,,368000,368000,368000,368000,368000,368000,450000,368000,450000,368000,368000,368000
chia seeds,True,True,301000,0.24,HIGH,,368000,301000,301000,246000,246000,201000,450000,368000,368000,368000,301000,368000
granola bars,True,True,74000,0.39,HIGH,,74000,90500,90500,90500,74000,60500,90500,74000,90500,90500,74000,60500
trail mix,True,True,49500,0.56,HIGH,,49500,60500,60500,60500,49500,49500,49500,49500,49500,49500,74000,40500
jerky,True,True,27100,3.28,HIGH,,27100,27100,27100,27100,33100,40500,27100,33100,27100,22200,27100,22200
nuts mix,True,True,2400,0.71,HIGH,,1900,1900,2400,1900,2400,2900,2400,2400,2900,1900,1900,1900
dried fruit,True,True,27100,0.96,HIGH,,22200,27100,27100,27100,27100,27100,27100,27100,27100,22200,22200,18100
honey,True,True,301000,0.69,MEDIUM,,301000,301000,301000,368000,368000,368000,301000,301000,246000,246000,301000,246000
maple syrup,True,True,74000,0.51,HIGH,,60500,60500,74000,90500,74000,74000,74000,74000,90500,74000,74000,60500
peanut butter,True,True,135000,0.35,HIGH,,135000,135000,165000,165000,135000,135000,165000,201000,165000,135000,135000,135000
almond butter,True,True,49500,0.48,HIGH,,49500,60500,49500,49500,49500,40500,60500,49500,49500,49500,40500,40500
jam,True,True,135000,0.19,LOW,,110000,135000,135000,135000,110000,135000,110000,110000,110000,110000,135000,135000
hot sauce,True,True,90500,0.6,HIGH,,90500,110000,110000,90500,90500,90500,90500,74000,74000,74000,74000,60500
soy sauce,True,True,90500,0.3,HIGH,,74000,90500,90500,110000,110000,90500,110000,90500,90500,74000,74000,74000
olive oil spray,True,True,8100,0.5,HIGH,,8100,8100,6600,6600,8100,9900,9900,8100,8100,8100,8100,8100
coconut oil,True,True,135000,0.46,HIGH,,135000,135000,135000,135000,135000,135000,165000,135000,135000,135000,135000,135000
avocado oil,True,True,60500,0.38,HIGH,,74000,60500,60500,60500,49500,60500,74000,60500,74000,60500,60500,60500
vinegar,True,True,110000,0.47,MEDIUM,,110000,110000,110000,110000,110000,110000,110000,90500,110000,110000,110000,135000
baking soda,True,True,201000,0.47,HIGH,,201000,201000,201000,201000,201000,201000,201000,165000,201000,165000,201000,165000
flour,True,True,110000,0.43,HIGH,,90500,90500,110000,110000,135000,110000,110000,110000,110000,110000,110000,90500
sugar,True,True,201000,0.34,LOW,,165000,165000,201000,246000,246000,301000,246000,201000,201000,201000,201000,201000
chocolate chips,True,True,60500,0.4,HIGH,,49500,60500,60500,74000,74000,90500,74000,60500,60500,60500,74000,60500
cake mix,True,True,33100,0.36,HIGH,,27100,27100,27100,33100,33100,33100,33100,33100,27100,27100,33100,33100
frosting,True,True,90500,1.37,LOW,,74000,90500,90500,110000,90500,135000,110000,90500,110000,90500,90500,90500
sprinkles,True,True,90500,2.31,HIGH,,110000,110000,110000,90500,90500,135000,110000,74000,90500,90500,90500,90500
ice cream,True,True,2240000,0.53,LOW,,3350000,3350000,2240000,1830000,1500000,1500000,1830000,1830000,2240000,2740000,3350000,3350000
frozen pizza,True,True,165000,0.38,HIGH,,201000,201000,165000,165000,165000,165000,201000,110000,90500,90500,135000,135000
frozen berries,True,True,6600,0.44,HIGH,,5400,5400,5400,5400,4400,5400,8100,8100,8100,6600,6600,6600
yogurt,True,True,246000,0.5,HIGH,,246000,246000,246000,246000,246000,246000,301000,246000,246000,246000,246000,201000
cheese,True,True,368000,0.62,MEDIUM,,246000,301000,368000,368000,368000,368000,368000,368000,368000,368000,368000,301000
butter,True,True,246000,0.29,HIGH,,201000,201000,246000,246000,301000,246000,246000,246000,246000,246000,301000,246000
eggs,True,True,450000,0.32,MEDIUM,,301000,368000,450000,450000,450000,550000,450000,450000,450000,450000,368000,301000
chicken breast,True,True,110000,0.47,HIGH,,110000,110000,110000,110000,90500,90500,110000,110000,110000,110000,110000,110000
ground beef,True,True,110000,0.54,HIGH,,110000,110000,110000,110000,110000,110000,135000,135000,135000,110000,135000,110000
salmon,True,True,368000,0.55,HIGH,,301000,368000,368000,368000,368000,368000,368000,368000,368000,368000,368000,368000
shrimp,True,True,301000,0.34,HIGH,,246000,301000,301000,301000,246000,301000,301000,301000,301000,301000,301000,246000
tofu,True,True,201000,0.26,MEDIUM,,201000,201000,201000,201000,201000,201000,246000,201000,246000,201000,201000,165000
tempeh,True,True,90500,0.26,LOW,,110000,110000,90500,90500,90500,74000,110000,90500,110000,90500,110000,110000
seitan,True,True,165000,0.33,LOW,,74000,74000,90500,1220000,90500,74000,90500,74000,90500,74000,74000,74000
plant burger,True,True,1900,2.15,MEDIUM,,2400,2400,2400,1900,1900,1900,1900,1900,2400,2400,1900,1900
veggie chips,True,True,18100,0.3,HIGH,,27100,22200,18100,18100,18100,18100,22200,18100,18100,18100,14800,14800
tortilla chips,True,True,60500,0.32,HIGH,,60500,74000,74000,74000,74000,74000,74000,74000,60500,60500,60500,49500
salsa,True,True,110000,0.39,MEDIUM,,135000,135000,135000,135000,110000,110000,110000,110000,110000,110000,135000,110000
guacamole,True,True,135000,0.54,LOW,,165000,135000,165000,135000,135000,135000,165000,165000,135000,135000,165000,135000
hummus,True,True,165000,0.42,MEDIUM,,201000,165000,165000,165000,165000,165000,201000,201000,201000,165000,165000,135000
crackers,True,True,110000,0.39,HIGH,,90500,135000,110000,110000,135000,135000,110000,110000,110000,110000,110000,90500
cookies,True,True,823000,0.95,HIGH,,673000,823000,823000,823000,823000,1000000,823000,823000,823000,823000,823000,673000
brownies,True,True,165000,0.52,HIGH,,135000,165000,165000,201000,201000,201000,201000,201000,165000,165000,165000,135000
muffins,True,True,90500,0.4,MEDIUM,,74000,90500,110000,110000,90500,90500,90500,90500,90500,90500,90500,74000
bagels,True,True,673000,0.51,LOW,,823000,823000,673000,673000,673000,673000,673000,550000,673000,673000,673000,673000
bread,True,True,301000,0.42,HIGH,,201000,246000,301000,301000,301000,301000,301000,301000,301000,301000,301000,201000
english muffins,True,True,74000,0.38,HIGH,,74000,74000,74000,74000,74000,74000,90500,74000,74000,74000,74000,74000
cereal,True,True,301000,0.38,HIGH,,246000,246000,301000,301000,246000,246000,301000,301000,301000,301000,301000,246000
oatmeal,True,True,201000,0.34,HIGH,,165000,165000,201000,201000,201000,201000,246000,201000,246000,201000,201000,165000
pancake mix,True,True,60500,0.27,HIGH,,60500,60500,49500,60500,60500,60500,90500,60500,60500,60500,60500,60500
syrup,True,True,74000,0.72,HIGH,,60500,74000,60500,74000,74000,74000,74000,60500,74000,60500,60500,60500
waffles,True,True,1000000,0.66,LOW,,1220000,1220000,1220000,1220000,1000000,1220000,1220000,1000000,1000000,1000000,1000000,823000
smoothie mix,True,True,2900,0.95,HIGH,,3600,3600,2400,1900,1900,2400,3600,2900,2900,2900,2900,2900
juice,True,True,110000,1.12,HIGH,,90500,110000,90500,110000,135000,165000,135000,110000,110000,90500,90500,74000
sparkling water,True,True,135000,0.8,HIGH,,135000,135000,135000,110000,110000,135000,135000,110000,135000,135000,135000,135000
baby formula,True,True,74000,2.98,HIGH,,74000,60500,74000,90500,110000,74000,90500,74000,74000,60500,60500,60500
diapers,True,True,165000,2.95,HIGH,,165000,135000,135000,165000,165000,135000,165000,135000,165000,165000,165000,135000
baby wipes,True,True,49500,1.01,HIGH,,49500,60500,49500,49500,49500,49500,49500,40500,49500,49500,40500,49500
baby bottles,True,True,74000,0.61,HIGH,,74000,74000,90500,90500,90500,74000,90500,74000,74000,74000,74000,60500
pacifier,True,True,90500,0.52,HIGH,,74000,90500,90500,90500,90500,90500,90500,90500,90500,90500,90500,74000
baby monitor,True,True,60500,1.12,HIGH,,60500,60500,60500,60500,60500,60500,60500,49500,60500,49500,49500,49500
stroller,True,True,90500,0.78,HIGH,,110000,90500,90500,90500,90500,90500,90500,90500,110000,90500,90500,90500
car seat,True,True,135000,0.75,HIGH,,165000,165000,135000,135000,165000,135000,135000,135000,165000,135000,135000,135000
high chair,True,True,74000,0.84,HIGH,,74000,74000,60500,74000,74000,74000,74000,60500,74000,60500,60500,60500
baby clothes,True,True,110000,1.42,HIGH,,110000,135000,110000,110000,135000,135000,110000,110000,110000,90500,90500,90500
swaddle,True,True,40500,0.71,HIGH,,40500,40500,40500,49500,49500,49500,49500,40500,40500,40500,40500,40500
crib sheets,True,True,27100,0.92,HIGH,,27100,33100,33100,27100,27100,27100,33100,27100,27100,27100,27100,22200
nursing pillow,True,True,27100,0.54,HIGH,,27100,33100,27100,33100,33100,22200,27100,22200,27100,27100,22200,22200
breast pump,True,True,90500,3.95,HIGH,,110000,110000,90500,90500,90500,90500,110000,74000,90500,90500,74000,74000
pregnancy pillow,True,True,135000,1.48,HIGH,,135000,135000,135000,135000,135000,165000,165000,135000,135000,135000,135000,110000
maternity belt,True,True,9900,0.69,HIGH,,12100,9900,9900,9900,8100,9900,9900,9900,8100,8100,8100,6600
makeup brushes,True,True,49500,1.05,HIGH,,40500,40500,40500,49500,90500,90500,49500,33100,40500,33100,33100,33100
foundation,True,True,246000,1.99,MEDIUM,,368000,368000,301000,201000,201000,201000,201000,165000,165000,165000,165000,165000
mascara,True,True,110000,2.37,HIGH,,110000,110000,135000,135000,135000,135000,110000,110000,110000,110000,110000,135000
eyeliner,True,True,60500,1.31,HIGH,,60500,60500,60500,90500,74000,74000,60500,60500,60500,60500,60500,49500
lipstick,True,True,60500,0.92,HIGH,,49500,49500,49500,60500,74000,74000,60500,49500,60500,49500,49500,40500
nail polish,True,True,74000,1.15,HIGH,,74000,90500,74000,90500,74000,90500,74000,60500,74000,74000,74000,74000
nail file,True,True,40500,0.66,HIGH,,40500,40500,49500,49500,49500,40500,49500,40500,49500,40500,40500,40500
hair clips,True,True,90500,0.82,HIGH,,90500,90500,90500,110000,135000,135000,90500,90500,90500,90500,90500,90500
hair ties,True,True,40500,0.77,HIGH,,40500,40500,40500,40500,49500,49500,40500,33100,40500,40500,40500,33100
hair straightener,True,True,74000,1.41,HIGH,,49500,74000,60500,74000,110000,135000,60500,60500,60500,60500,60500,40500
curling iron,True,True,74000,0.98,HIGH,,60500,60500,60500,74000,135000,110000,74000,60500,60500,49500,60500,49500
hot rollers,True,True,22200,0.5,HIGH,,22200,22200,18100,27100,33100,33100,22200,18100,18100,22200,22200,18100
hair oil,True,True,60500,0.98,HIGH,,60500,60500,60500,60500,74000,74000,60500,60500,60500,49500,49500,49500
leave in conditioner,True,True,74000,0.77,HIGH,,74000,74000,74000,74000,74000,74000,90500,74000,90500,90500,74000,90500
dry shampoo,True,True,90500,1.43,HIGH,,74000,90500,90500,90500,110000,110000,90500,90500,90500,90500,90500,74000
hair mask,True,True,49500,0.93,HIGH,,49500,49500,49500,60500,74000,60500,60500,49500,49500,49500,49500,49500
beard oil,True,True,40500,2.46,HIGH,,40500,40500,40500,49500,49500,74000,49500,40500,40500,33100,33100,27100
beard trimmer,True,True,90500,1.75,HIGH,,90500,90500,90500,90500,110000,110000,90500,74000,74000,74000,60500,60500
electric shaver,True,True,40500,1.52,HIGH,,40500,40500,33100,40500,60500,60500,40500,33100,33100,27100,27100,33100
nose trimmer,True,True,12100,0.95,HIGH,,12100,12100,12100,12100,14800,14800,12100,12100,12100,12100,12100,9900
foot file,True,True,9900,0.64,HIGH,,12100,9900,9900,8100,8100,9900,12100,9900,9900,8100,9900,9900
callus remover,True,True,33100,0.61,HIGH,,40500,40500,33100,33100,27100,27100,33100,27100,33100,33100,33100,40500
bath bombs,True,True,40500,1.24,HIGH,,27100,33100,33100,40500,60500,74000,40500,33100,60500,40500,40500,27100
loofah,True,True,90500,0.41,HIGH,,90500,90500,90500,90500,90500,90500,90500,74000,90500,90500,110000,90500
shower curtain,True,True,165000,0.86,HIGH,,201000,201000,165000,165000,165000,135000,201000,165000,165000,165000,165000,165000
bath mat,True,True,74000,1.33,HIGH,,74000,90500,74000,60500,74000,60500,74000,60500,60500,60500,74000,74000
towel set,True,True,8100,1.32,HIGH,,8100,8100,6600,6600,12100,12100,6600,5400,6600,6600,6600,6600
hand towels,True,True,18100,1.22,HIGH,,22200,22200,18100,18100,22200,18100,18100,14800,18100,18100,18100,18100
toilet paper,True,True,110000,2.39,HIGH,,110000,110000,110000,135000,110000,110000,110000,90500,110000,110000,110000,90500
plunger,True,True,60500,0.85,HIGH,,49500,60500,49500,60500,60500,60500,60500,60500,60500,49500,49500,49500
toilet brush,True,True,22200,1.21,HIGH,,27100,33100,27100,27100,22200,22200,22200,18100,22200,18100,22200,22200
shower head,True,True,135000,1.18,HIGH,,165000,165000,135000,165000,165000,165000,165000,135000,165000,135000,135000,135000
bathroom scale,True,True,22200,1.16,HIGH,,27100,33100,33100,18100,18100,22200,22200,14800,18100,14800,14800,14800
makeup organizer,True,True,27100,0.67,HIGH,,27100,33100,22200,22200,40500,49500,27100,18100,18100,18100,18100,18100
jewelry box,True,True,110000,1.02,HIGH,,110000,110000,90500,110000,201000,246000,135000,90500,90500,90500,110000,90500
perfume,True,True,301000,1.68,HIGH,,246000,301000,301000,301000,550000,550000,301000,246000,246000,246000,301000,246000
cologne,True,True,368000,1.26,HIGH,,246000,301000,301000,301000,550000,550000,368000,301000,301000,301000,301000,246000
hand cream,True,True,22200,1.21,HIGH,,14800,14800,14800,18100,40500,49500,33100,27100,22200,18100,18100,14800
cuticle oil,True,True,49500,0.67,HIGH,,49500,49500,49500,49500,49500,60500,74000,60500,60500,49500,49500,40500
acne patches,True,False,,,,null search_volume,,,,,,,,,,,,
retinol cream,True,True,40500,2.26,HIGH,,40500,40500,40500,40500,40500,40500,49500,40500,40500,40500,40500,40500
vitamin c serum,True,True,90500,3,HIGH,,90500,90500,90500,74000,90500,90500,110000,90500,110000,90500,90500,90500
hyaluronic acid,True,True,201000,1.89,HIGH,,201000,201000,165000,201000,201000,201000,246000,301000,246000,201000,201000,165000
eye cream,True,True,22200,2.38,HIGH,,22200,22200,22200,22200,27100,27100,27100,22200,22200,18100,18100,18100
face mask,True,True,110000,1.39,HIGH,,90500,90500,90500,110000,135000,135000,135000,90500,90500,90500,90500,74000
toner,True,True,40500,1.37,HIGH,,49500,49500,40500,40500,40500,40500,49500,40500,49500,40500,40500,40500
cleanser,True,True,18100,0.93,HIGH,,22200,22200,18100,18100,22200,18100,22200,18100,22200,18100,18100,22200
cotton pads,True,True,22200,0.59,HIGH,,22200,22200,22200,27100,22200,22200,27100,22200,22200,27100,22200,22200
makeup remover,True,True,40500,0.9,HIGH,,18100,201000,60500,49500,33100,27100,27100,22200,22200,18100,14800,18100
false lashes,True,True,6600,1.59,HIGH,,6600,6600,6600,8100,8100,8100,8100,6600,6600,6600,6600,5400
tweezers,True,True,60500,0.88,HIGH,,60500,60500,60500,60500,60500,60500,60500,60500,60500,60500,60500,60500
scissors,True,True,201000,0.97,MEDIUM,,165000,246000,246000,246000,201000,246000,246000,201000,201000,201000,201000,165000
nail clippers,True,True,49500,1.31,HIGH,,49500,49500,49500,49500,49500,60500,49500,40500,40500,40500,40500,40500
ear buds case,True,True,2900,0.6,HIGH,,2400,2900,2400,2900,5400,9900,2400,2400,1900,1600,1600,1300
airpods case,True,True,60500,0.67,HIGH,,60500,60500,60500,60500,90500,110000,60500,49500,49500,49500,40500,40500
apple watch band,True,True,201000,1.71,HIGH,,246000,246000,246000,201000,246000,301000,201000,165000,201000,201000,201000,201000
samsung charger,True,True,9900,0.96,HIGH,,9900,9900,9900,9900,9900,9900,8100,8100,9900,8100,8100,8100
pixel case,True,True,1300,1.66,HIGH,,1300,1900,1900,1300,1300,1300,1300,1000,1300,1000,880,880
iphone case,True,True,74000,2.14,HIGH,,74000,74000,110000,90500,90500,110000,74000,90500,74000,60500,60500,60500
screen protector,True,True,40500,1.86,HIGH,,49500,49500,49500,40500,40500,49500,40500,40500,49500,40500,40500,40500
tempered glass,True,True,27100,2.47,MEDIUM,,27100,27100,27100,27100,40500,27100,27100,27100,27100,27100,27100,27100
phone grip,True,True,8100,1.76,HIGH,,18100,8100,8100,9900,6600,6600,6600,5400,6600,5400,5400,4400
pop socket,True,True,49500,1.79,HIGH,,49500,49500,49500,49500,49500,60500,60500,40500,49500,49500,49500,40500
wallet case,True,True,2400,1.77,HIGH,,2400,2400,2400,2400,2900,2900,2400,1900,1900,1900,1900,1900
folio case,True,True,880,0.97,HIGH,,1300,880,1000,720,880,1000,880,590,720,590,1000,720
laptop sleeve,True,True,22200,0.85,HIGH,,27100,33100,22200,18100,22200,33100,22200,18100,18100,14800,14800,14800
laptop backpack,True,True,27100,1.21,HIGH,,33100,49500,33100,27100,33100,27100,27100,22200,22200,18100,22200,18100
messenger laptop bag,True,True,480,1.18,HIGH,,480,720,1000,390,480,480,390,480,480,390,320,260
camera lens,True,True,33100,1.19,HIGH,,22200,27100,40500,33100,27100,33100,27100,27100,27100,40500,27100,22200
nd filter,True,True,12100,1.25,HIGH,,14800,12100,14800,12100,12100,12100,12100,9900,12100,12100,12100,12100
softbox,True,True,8100,0.66,HIGH,,5400,9900,6600,8100,12100,9900,14800,8100,6600,6600,6600,6600
light stand,True,True,5400,1.02,HIGH,,5400,5400,5400,5400,5400,5400,5400,4400,4400,4400,4400,4400
backdrop,True,True,40500,3.65,HIGH,,33100,33100,40500,40500,40500,33100,40500,33100,40500,40500,40500,33100
reflector,True,True,14800,1.83,MEDIUM,,9900,12100,12100,12100,9900,49500,12100,9900,9900,9900,9900,8100
gaffer tape,True,True,40500,3.63,HIGH,,40500,40500,40500,49500,40500,40500,40500,40500,40500,40500,40500,40500
sandbag,True,True,18100,4.52,HIGH,,22200,18100,22200,18100,22200,22200,14800,14800,18100,18100,18100,22200
boom arm,True,True,3600,0.76,HIGH,,3600,3600,2900,2900,3600,4400,3600,3600,3600,2900,2900,3600
lav mic,True,True,6600,0.77,HIGH,,6600,5400,6600,6600,5400,5400,5400,8100,6600,8100,5400,5400
podcast mic,True,True,18100,1.43,HIGH,,18100,18100,22200,22200,22200,22200,18100,18100,18100,14800,14800,12100
audio interface,True,True,33100,0.94,HIGH,,27100,33100,27100,33100,40500,40500,33100,27100,27100,27100,22200,22200
midi controller,True,True,18100,0.76,HIGH,,18100,18100,22200,18100,22200,22200,18100,18100,22200,14800,14800,12100
studio monitors,True,True,14800,0.93,HIGH,,18100,18100,18100,18100,18100,14800,14800,14800,14800,14800,9900,9900
headphones,True,True,368000,2.03,HIGH,,368000,450000,368000,301000,450000,450000,368000,301000,301000,301000,246000,246000
noise cancelling headphones,True,True,165000,1.85,HIGH,,246000,165000,165000,165000,201000,246000,165000,135000,135000,135000,135000,201000
earbuds,True,True,165000,2,HIGH,,165000,165000,135000,135000,201000,201000,135000,135000,135000,135000,135000,135000
bone conduction headphones,True,True,74000,2.06,HIGH,,90500,74000,74000,90500,90500,90500,74000,74000,74000,74000,74000,74000
hearing aids,True,True,165000,5.42,HIGH,,201000,201000,201000,201000,201000,165000,165000,165000,165000,165000,165000,135000
white noise machine,True,True,74000,1.35,HIGH,,60500,49500,90500,90500,90500,110000,74000,60500,60500,49500,60500,60500
sleep mask,True,True,60500,2.43,HIGH,,60500,60500,49500,49500,74000,74000,60500,49500,49500,49500,49500,60500
ear plugs,True,True,40500,2.24,HIGH,,49500,40500,40500,40500,40500,40500,33100,33100,40500,40500,40500,40500
neck pillow,True,True,49500,1.37,HIGH,,49500,49500,49500,49500,49500,60500,49500,40500,49500,49500,49500,49500
compression socks,True,True,246000,2.5,HIGH,,301000,301000,246000,246000,246000,246000,246000,201000,246000,246000,246000,246000
ankle brace,True,True,90500,0.72,HIGH,,90500,90500,110000,90500,90500,74000,74000,74000,90500,90500,90500,90500
knee brace,True,False,,,,null search_volume,,,,,,,,,,,,
wrist brace,True,True,60500,0.49,HIGH,,60500,60500,60500,60500,60500,49500,60500,49500,60500,60500,60500,60500
back brace,True,True,49500,0.89,HIGH,,49500,49500,49500,49500,49500,40500,40500,40500,49500,49500,49500,40500
posture corrector,True,True,49500,1.43,HIGH,,74000,60500,60500,49500,49500,49500,49500,49500,60500,49500,40500,40500
heating pad,True,True,165000,0.58,HIGH,,110000,110000,135000,165000,201000,246000,201000,165000,135000,135000,135000,110000
ice pack wrap,True,True,590,1.2,HIGH,,720,590,590,590,390,480,480,390,480,590,590,590
tens unit,True,True,110000,1.64,HIGH,,135000,135000,110000,135000,110000,135000,135000,110000,110000,110000,110000,110000
blood pressure monitor,True,True,246000,2.02,HIGH,,673000,450000,165000,165000,135000,165000,165000,165000,165000,201000,135000,135000
pulse oximeter,True,True,110000,1.37,HIGH,,110000,110000,110000,110000,90500,135000,165000,135000,135000,110000,110000,110000
thermometer,True,True,201000,0.89,HIGH,,110000,201000,246000,201000,201000,246000,246000,201000,201000,165000,165000,110000
glucose monitor,True,True,74000,7.08,HIGH,,74000,74000,74000,60500,60500,74000,74000,60500,60500,60500,60500,60500
nebulizer,True,True,165000,1.1,HIGH,,110000,110000,135000,165000,201000,246000,246000,201000,201000,165000,165000,135000
humidifier filter,True,True,3600,0.55,HIGH,,1600,1900,1900,3600,5400,8100,6600,4400,2900,1900,1300,1000
air filter,True,True,60500,7.57,HIGH,,74000,60500,60500,60500,60500,60500,74000,49500,74000,60500,74000,74000
furnace filter,True,True,33100,6.27,HIGH,,33100,33100,33100,49500,49500,49500,60500,33100,27100,22200,22200,27100
water softener,True,True,110000,7.07,HIGH,,165000,135000,110000,110000,110000,110000,135000,110000,110000,110000,110000,90500
shower filter,True,True,33100,3.71,HIGH,,27100,33100,27100,27100,33100,33100,33100,33100,33100,27100,33100,27100
fridge water filter,True,True,6600,3.79,HIGH,,5400,6600,6600,6600,6600,8100,8100,6600,6600,6600,6600,4400
coffee filter,True,True,27100,0.58,HIGH,,22200,22200,27100,27100,27100,27100,27100,22200,27100,22200,22200,18100
tea infuser,True,True,33100,0.58,HIGH,,27100,27100,33100,33100,49500,60500,40500,22200,22200,18100,14800,12100
french press,True,True,110000,0.66,HIGH,,110000,110000,110000,110000,110000,135000,135000,135000,110000,110000,90500,90500
pour over,True,True,12100,0.82,HIGH,,12100,12100,12100,12100,12100,14800,14800,12100,12100,12100,12100,12100
espresso machine,True,True,368000,1.06,HIGH,,301000,368000,368000,368000,550000,550000,368000,301000,301000,301000,301000,301000
milk frother,True,True,49500,0.7,HIGH,,49500,49500,40500,49500,74000,90500,60500,40500,40500,33100,33100,33100
coffee grinder,True,True,110000,0.79,HIGH,,90500,90500,90500,90500,135000,165000,110000,90500,90500,74000,90500,74000
toaster oven,True,True,110000,0.88,HIGH,,90500,110000,90500,110000,135000,135000,110000,90500,90500,90500,90500,90500
dishwasher detergent,True,True,49500,1.43,HIGH,,60500,60500,60500,49500,49500,49500,60500,40500,40500,33100,33100,27100
trash can,True,True,165000,1.26,HIGH,,165000,201000,201000,201000,165000,165000,165000,165000,165000,165000,165000,165000
compost bin,True,True,301000,0.8,HIGH,,1000000,1500000,201000,110000,90500,74000,90500,90500,135000,165000,135000,90500
recycling bins,True,True,40500,2.1,HIGH,,40500,40500,40500,40500,40500,40500,49500,40500,49500,49500,40500,33100
storage shelves,True,True,40500,1.76,HIGH,,40500,40500,40500,40500,40500,40500,49500,33100,40500,33100,33100,33100
closet organizer,True,True,135000,3.71,HIGH,,165000,165000,135000,135000,165000,165000,165000,135000,135000,110000,135000,110000
under bed storage,True,True,33100,0.7,HIGH,,40500,49500,33100,33100,33100,33100,40500,27100,33100,33100,33100,33100
drawer organizers,True,True,40500,0.94,HIGH,,49500,49500,40500,40500,40500,49500,49500,33100,40500,33100,40500,40500
cable management,True,True,14800,1.58,HIGH,,14800,14800,14800,14800,14800,18100,14800,12100,12100,12100,12100,14800
surge bar,True,True,90500,1,HIGH,,135000,135000,110000,90500,90500,110000,110000,74000,90500,90500,90500,110000
battery charger,True,True,90500,0.65,HIGH,,90500,90500,90500,90500,90500,110000,110000,74000,90500,90500,90500,90500
aa batteries,True,True,60500,1.4,HIGH,,74000,74000,60500,74000,90500,110000,60500,49500,49500,49500,49500,49500
aaa batteries,True,True,49500,1.36,HIGH,,40500,49500,49500,49500,49500,60500,49500,40500,40500,40500,40500,33100
lithium batteries,True,True,90500,2.09,HIGH,,90500,90500,110000,110000,90500,90500,90500,60500,90500,74000,90500,74000
button batteries,True,True,14800,0.68,HIGH,,9900,9900,9900,12100,12100,33100,18100,9900,33100,12100,8100,18100
solar lights,True,True,40500,0.96,HIGH,,40500,40500,40500,49500,49500,33100,27100,22200,40500,49500,60500,49500
string lights,True,True,33100,0.91,HIGH,,33100,40500,40500,40500,60500,40500,27100,22200,27100,27100,33100,33100
fairy lights,True,True,74000,0.46,HIGH,,60500,74000,74000,74000,135000,135000,74000,60500,60500,60500,60500,60500
neon sign,True,True,40500,5.99,HIGH,,40500,49500,49500,49500,49500,49500,40500,33100,40500,33100,33100,33100
projector,True,True,135000,0.64,HIGH,,135000,165000,165000,165000,201000,201000,135000,110000,110000,110000,135000,165000
projector screen,True,True,60500,0.64,HIGH,,60500,74000,74000,60500,74000,60500,49500,40500,49500,49500,49500,74000
soundbar,True,True,40500,0.71,HIGH,,40500,40500,33100,40500,60500,60500,40500,40500,40500,33100,40500,40500
streaming stick,True,True,6600,0.4,HIGH,,8100,8100,6600,5400,5400,8100,6600,4400,4400,6600,6600,6600
chromecast,True,True,110000,1.24,HIGH,,135000,135000,135000,135000,135000,135000,135000,90500,110000,90500,110000,90500
fire stick,True,True,135000,0.91,HIGH,,135000,165000,165000,135000,165000,165000,135000,110000,110000,110000,110000,110000
roku,True,True,1000000,1.65,MEDIUM,,1000000,1000000,1000000,1000000,1220000,1000000,1220000,1000000,1000000,1000000,1000000,1000000
hdmi splitter,True,True,49500,0.38,HIGH,,49500,60500,49500,49500,49500,60500,60500,49500,49500,40500,40500,40500
av receiver,True,True,8100,0.92,HIGH,,8100,8100,8100,6600,9900,9900,9900,6600,6600,6600,6600,8100
turntable,True,True,60500,1.03,HIGH,,49500,49500,49500,110000,74000,90500,74000,60500,49500,49500,49500,40500
record player,True,True,301000,0.87,HIGH,,201000,246000,246000,301000,450000,673000,301000,246000,246000,201000,246000,201000
vinyl records,True,True,110000,0.94,HIGH,,90500,110000,110000,90500,165000,201000,135000,110000,135000,110000,90500,90500
cd player,True,True,135000,0.52,HIGH,,110000,135000,110000,135000,165000,201000,135000,110000,135000,110000,110000,110000
bluetooth adapter,True,True,14800,0.35,HIGH,,22200,22200,18100,14800,14800,18100,14800,12100,14800,12100,14800,12100
aux cable,True,True,12100,0.57,HIGH,,12100,14800,12100,12100,12100,14800,12100,9900,12100,12100,12100,12100
rca cable,True,True,40500,0.68,HIGH,,40500,49500,40500,40500,40500,49500,49500,40500,40500,40500,40500,40500
optical cable,True,True,18100,0.39,HIGH,,18100,18100,14800,14800,18100,22200,18100,14800,14800,14800,14800,14800
speaker stands,True,True,18100,0.89,HIGH,,18100,18100,18100,18100,22200,22200,18100,14800,18100,14800,18100,18100
subwoofer,True,True,90500,1.44,HIGH,,74000,74000,74000,74000,90500,90500,90500,74000,90500,90500,90500,74000
karaoke machine,True,True,74000,1.02,HIGH,,60500,60500,49500,60500,110000,165000,60500,40500,40500,40500,49500,40500
party lights,True,True,9900,0.71,HIGH,,9900,9900,12100,14800,12100,12100,9900,9900,9900,9900,9900,8100
fog machine,True,True,33100,0.66,HIGH,,18100,27100,60500,165000,27100,18100,14800,14800,14800,18100,18100,14800
balloon pump,True,True,27100,0.33,HIGH,,33100,27100,27100,33100,27100,27100,27100,27100,27100,27100,33100,33100
party decorations,True,True,22200,1.1,HIGH,,27100,27100,27100,27100,18100,18100,22200,22200,22200,22200,22200,18100
gift wrap,True,True,14800,0.81,HIGH,,8100,9900,9900,12100,22200,60500,12100,9900,8100,8100,8100,8100
gift bags,True,True,33100,1.52,HIGH,,22200,27100,27100,33100,40500,90500,27100,27100,27100,27100,33100,27100
greeting cards,True,True,40500,1.87,HIGH,,33100,49500,40500,40500,33100,49500,27100,49500,40500,33100,60500,49500
wrapping paper,True,True,60500,1.18,HIGH,,27100,27100,33100,49500,110000,301000,33100,33100,27100,27100,33100,27100
ribbons,True,True,90500,0.78,HIGH,,60500,74000,90500,110000,90500,135000,90500,90500,74000,90500,90500,74000
tissue paper,True,True,27100,3.55,HIGH,,22200,27100,27100,33100,27100,49500,27100,27100,27100,27100,27100,18100
packing tape,True,True,40500,1.72,HIGH,,40500,40500,33100,33100,33100,40500,40500,33100,33100,33100,40500,40500
moving boxes,True,True,135000,1.96,HIGH,,201000,201000,135000,135000,110000,110000,135000,135000,165000,165000,165000,165000
bubble wrap,True,True,74000,17.05,HIGH,,74000,74000,60500,60500,74000,74000,74000,60500,74000,74000,74000,74000
shipping labels,True,True,27100,6.77,HIGH,,27100,27100,27100,22200,22200,27100,27100,22200,27100,22200,22200,22200
postage scale,True,True,5400,2.53,HIGH,,5400,6600,5400,5400,5400,5400,5400,5400,5400,5400,5400,4400
envelope opener,True,True,1600,1.47,HIGH,,1300,1600,1600,1600,1600,1900,1600,1600,1600,1300,1300,1300
letter tray,True,True,2400,0.74,HIGH,,2900,3600,2900,2400,1900,1900,2400,1900,1900,2400,1900,1900
file folders,True,True,33100,0.97,HIGH,,33100,49500,33100,33100,27100,27100,33100,27100,27100,27100,22200,22200
hanging folders,True,True,4400,1.29,HIGH,,4400,6600,4400,3600,2900,2900,4400,3600,4400,3600,3600,3600
binders,True,True,90500,1.27,HIGH,,110000,246000,135000,90500,74000,74000,90500,74000,74000,74000,74000,74000
sheet protectors,True,True,12100,0.65,HIGH,,18100,33100,14800,9900,8100,8100,9900,9900,9900,9900,9900,9900
index cards,True,True,33100,0.53,HIGH,,27100,74000,49500,33100,27100,27100,27100,27100,27100,27100,27100,18100
flash cards,True,True,60500,1.1,MEDIUM,,33100,60500,110000,90500,60500,60500,74000,60500,60500,60500,60500,33100
study guide,True,True,14800,4.95,LOW,,4400,9900,18100,18100,14800,18100,14800,14800,27100,22200,18100,9900
calculator,True,True,24900000,1.25,LOW,,13600000,20400000,37200000,37200000,30400000,24900000,30400000,30400000,30400000,30400000,24900000,13600000
graphing calculator,True,True,368000,0.48,LOW,,110000,368000,550000,450000,368000,301000,368000,368000,368000,450000,823000,301000
protractor,True,True,110000,0.33,HIGH,,90500,165000,135000,110000,90500,90500,110000,110000,135000,135000,110000,60500
compass set,True,True,390,0.28,HIGH,,390,590,480,390,320,320,320,260,320,320,320,320
geometry set,True,True,1300,0.25,HIGH,,1600,3600,1600,880,720,1000,1000,880,720,720,720,590
backpack kids,True,False,,,,null search_volume,,,,,,,,,,,,
lunch bag,True,True,49500,0.46,HIGH,,60500,74000,49500,40500,40500,40500,40500,40500,40500,40500,40500,40500
water bottle kids,True,False,,,,null search_volume,,,,,,,,,,,,
thermos kids,True,False,,,,null search_volume,,,,,,,,,,,,
pencil case,True,True,40500,0.39,HIGH,,90500,135000,40500,33100,33100,33100,33100,27100,27100,27100,27100,33100
crayon box,True,True,9900,0.35,HIGH,,14800,22200,12100,12100,12100,6600,8100,8100,8100,8100,8100,8100
glue sticks,True,True,40500,0.52,HIGH,,40500,74000,40500,40500,33100,33100,33100,33100,33100,33100,33100,27100
scissors kids,True,False,,,,null search_volume,,,,,,,,,,,,
construction paper,True,True,33100,0.55,HIGH,,27100,49500,33100,40500,40500,33100,33100,40500,27100,27100,27100,22200
poster board,True,True,74000,0.71,HIGH,,40500,60500,90500,110000,74000,74000,74000,90500,74000,90500,90500,40500
science kit,True,True,5400,1.52,HIGH,,3600,4400,4400,4400,9900,12100,3600,3600,3600,3600,3600,2900
robot kit,True,True,5400,1.7,HIGH,,4400,5400,5400,5400,8100,9900,5400,5400,5400,4400,4400,3600
coding toy,True,True,480,1.8,HIGH,,260,260,210,480,1000,1000,320,260,390,320,320,260
drone kids,True,False,,,,null search_volume,,,,,,,,,,,,
rc car,True,True,135000,0.4,HIGH,,135000,135000,135000,135000,246000,301000,135000,110000,110000,110000,110000,110000
hot wheels,True,True,201000,0.39,HIGH,,201000,201000,201000,201000,246000,301000,201000,201000,201000,165000,201000,165000
action figures,True,True,74000,0.24,HIGH,,74000,74000,74000,60500,90500,90500,60500,74000,74000,74000,74000,74000
barbie dolls,True,True,90500,0.24,HIGH,,90500,90500,90500,110000,135000,135000,74000,60500,74000,60500,74000,60500
stuffed animals,True,True,90500,1.16,HIGH,,74000,90500,90500,90500,135000,135000,90500,90500,90500,74000,74000,60500
plush toy,True,True,60500,1,MEDIUM,,60500,201000,201000,27100,33100,27100,14800,14800,22200,40500,40500,49500
building blocks,True,True,33100,0.77,HIGH,,22200,27100,33100,33100,33100,40500,33100,27100,33100,33100,27100,22200
magnetic tiles,True,True,33100,0.65,HIGH,,22200,33100,27100,33100,60500,74000,33100,27100,33100,22200,22200,22200
slime kit,True,True,18100,0.37,HIGH,,14800,14800,12100,14800,33100,49500,14800,12100,14800,12100,12100,12100
kinetic sand,True,True,60500,0.35,HIGH,,49500,60500,60500,60500,74000,90500,60500,49500,60500,60500,60500,49500
play tent,True,True,4400,0.75,HIGH,,3600,3600,3600,4400,6600,8100,3600,2900,3600,2900,3600,2900
trampoline,True,True,246000,1.72,HIGH,,246000,246000,201000,201000,301000,301000,201000,201000,368000,301000,301000,301000
scooter,True,True,550000,0.78,HIGH,,550000,550000,550000,550000,550000,550000,450000,450000,550000,550000,673000,550000
skateboard,True,True,246000,0.46,HIGH,,201000,246000,301000,368000,301000,301000,246000,201000,246000,246000,246000,165000
roller skates,True,True,201000,0.57,HIGH,,201000,201000,165000,165000,201000,246000,301000,246000,246000,201000,201000,165000
hoverboard,True,True,135000,0.62,HIGH,,135000,135000,110000,135000,201000,301000,135000,90500,110000,90500,110000,110000
balance bike,True,True,49500,2.23,HIGH,,40500,49500,49500,40500,60500,60500,33100,27100,49500,49500,49500,49500
bike helmet kids,True,False,,,,null search_volume,,,,,,,,,,,,
knee pads,True,True,49500,0.61,HIGH,,49500,60500,60500,49500,49500,40500,49500,40500,49500,49500,49500,49500
elbow pads,True,True,8100,0.43,HIGH,,9900,9900,9900,8100,8100,8100,8100,6600,8100,8100,8100,8100
wrist guards,True,True,5400,0.58,HIGH,,5400,5400,5400,5400,5400,5400,6600,5400,5400,5400,5400,4400
soccer ball,True,True,450000,0.35,HIGH,,165000,673000,673000,550000,368000,368000,450000,368000,368000,368000,450000,368000
basketball,True,True,1220000,0.59,MEDIUM,,450000,1220000,1220000,1220000,1220000,1220000,1500000,1220000,1500000,1220000,1220000,1000000
football,True,True,1220000,1.03,LOW,,450000,1500000,2740000,1830000,1500000,1500000,1830000,1000000,673000,550000,673000,673000
volleyball,True,True,550000,0.54,MEDIUM,,368000,1000000,1000000,673000,550000,450000,673000,450000,550000,550000,550000,368000
tennis racket,True,True,110000,0.76,HIGH,,110000,135000,135000,90500,90500,90500,110000,90500,110000,110000,110000,110000
badminton set,True,True,12100,0.4,HIGH,,18100,12100,9900,6600,6600,8100,4400,5400,12100,14800,22200,27100
pickleball paddles,True,True,301000,1.34,HIGH,,368000,450000,301000,246000,246000,246000,201000,301000,450000,368000,368000,301000
golf balls,True,True,110000,1.8,HIGH,,110000,135000,110000,90500,110000,110000,60500,74000,90500,110000,110000,90500
golf tees,True,True,27100,1.07,HIGH,,33100,33100,27100,27100,33100,40500,22200,22200,27100,33100,33100,27100
golf glove,True,True,27100,1.39,HIGH,,40500,40500,27100,22200,33100,33100,14800,18100,22200,33100,33100,33100
baseball glove,True,True,90500,0.56,HIGH,,74000,110000,135000,90500,90500,60500,60500,90500,110000,135000,135000,90500
bat,True,True,368000,0.84,LOW,,301000,368000,450000,823000,368000,301000,301000,301000,368000,368000,368000,301000
catchers mitt,True,True,22200,0.55,HIGH,,22200,18100,22200,22200,18100,14800,12100,18100,27100,33100,33100,27100
hockey stick,True,True,49500,0.94,HIGH,,22200,33100,49500,49500,60500,60500,60500,74000,49500,49500,40500,27100
puck,True,True,40500,9.42,LOW,,33100,27100,33100,60500,33100,33100,33100,74000,33100,33100,33100,27100
swim fins,True,True,6600,1.02,HIGH,,9900,8100,8100,6600,5400,5400,6600,5400,6600,6600,8100,8100
kickboard,True,True,14800,0.46,HIGH,,8100,18100,22200,18100,14800,12100,12100,12100,14800,12100,12100,8100
pool noodles,True,True,90500,0.39,HIGH,,90500,90500,90500,135000,110000,74000,74000,60500,74000,60500,74000,74000
pool float,True,True,33100,1.55,HIGH,,90500,40500,18100,12100,9900,12100,14800,14800,33100,33100,60500,90500
inflatable pool,True,True,49500,0.39,HIGH,,135000,49500,22200,12100,6600,6600,9900,12100,60500,60500,110000,165000
sand toys,True,True,6600,0.42,HIGH,,9900,8100,4400,3600,3600,4400,3600,4400,9900,8100,9900,9900
kites,True,True,110000,0.49,HIGH,,74000,90500,110000,135000,90500,90500,110000,135000,201000,165000,135000,90500
frisbee,True,True,49500,0.98,HIGH,,49500,49500,49500,49500,40500,33100,40500,40500,49500,49500,60500,49500
boomerang,True,True,110000,0.42,LOW,,135000,135000,110000,110000,110000,110000,110000,110000,135000,110000,135000,110000
hacky sack,True,True,246000,0.53,HIGH,,40500,40500,40500,40500,40500,40500,40500,40500,49500,368000,1830000,301000
cornhole set,True,True,22200,1.67,HIGH,,49500,22200,18100,14800,18100,18100,9900,12100,27100,22200,33100,27100
bean bags,True,True,90500,0.97,HIGH,,90500,110000,90500,90500,110000,135000,90500,74000,74000,74000,74000,74000
dart board,True,True,49500,0.72,HIGH,,40500,40500,40500,49500,60500,90500,74000,49500,49500,49500,49500,40500
poker chips,True,True,49500,1.79,HIGH,,49500,49500,40500,40500,49500,49500,49500,49500,49500,49500,40500,33100
playing cards,True,True,90500,0.74,HIGH,,74000,74000,90500,90500,90500,90500,90500,90500,74000,74000,74000,60500
uno cards,True,True,49500,0.31,HIGH,,60500,49500,49500,60500,49500,60500,49500,40500,49500,49500,60500,40500
jigsaw puzzle,True,True,246000,2,MEDIUM,,201000,246000,301000,301000,301000,301000,246000,246000,246000,246000,246000,201000
crossword book,True,True,9900,0.62,HIGH,,8100,22200,6600,27100,8100,12100,6600,6600,5400,6600,5400,5400
sudoku book,True,True,6600,0.4,HIGH,,5400,5400,6600,6600,8100,12100,8100,6600,6600,5400,5400,5400
coloring book,True,True,74000,0.61,HIGH,,60500,74000,74000,90500,110000,110000,74000,60500,74000,49500,60500,60500
adult coloring,True,True,2900,1.45,HIGH,,2900,2900,2900,2900,2900,3600,3600,2900,2900,2900,2400,2400
paint by numbers,True,True,74000,2.8,HIGH,,60500,74000,74000,74000,90500,135000,90500,74000,74000,60500,60500,49500
diamond painting,True,True,90500,0.82,HIGH,,74000,74000,74000,90500,110000,135000,165000,110000,110000,74000,74000,90500
embroidery kit,True,True,27100,1.1,HIGH,,22200,22200,22200,27100,40500,49500,40500,27100,22200,18100,18100,18100
knitting needles,True,True,49500,0.66,HIGH,,33100,74000,60500,74000,74000,90500,74000,33100,27100,18100,22200,18100
yarn,True,True,110000,0.82,HIGH,,90500,110000,110000,135000,135000,165000,165000,135000,110000,90500,90500,90500
crochet hooks,True,True,74000,0.48,HIGH,,60500,165000,60500,90500,110000,110000,90500,60500,49500,40500,40500,27100
sewing machine,True,True,246000,0.69,HIGH,,165000,201000,201000,246000,301000,301000,246000,201000,201000,201000,201000,165000
thread,True,True,450000,0.45,LOW,,450000,450000,450000,450000,450000,450000,450000,450000,450000,450000,450000,450000
fabric,True,True,165000,0.71,HIGH,,165000,165000,165000,201000,201000,201000,201000,165000,165000,165000,201000,165000
buttons,True,True,135000,1.97,MEDIUM,,90500,110000,135000,201000,135000,135000,135000,135000,135000,135000,135000,110000
zipper,True,True,49500,0.47,HIGH,,40500,49500,49500,49500,49500,60500,49500,49500,74000,49500,49500,40500
patches,True,True,90500,3.83,HIGH,,74000,90500,74000,90500,74000,74000,90500,90500,165000,110000,90500,74000
iron on vinyl,True,True,9900,2.17,HIGH,,8100,9900,9900,14800,8100,9900,8100,6600,8100,8100,8100,8100
cricut tools,True,True,2400,0.46,HIGH,,2400,2400,2400,2400,2400,3600,2900,2400,2400,1900,1900,1900
heat press,True,True,27100,1.73,HIGH,,27100,33100,33100,33100,33100,33100,33100,27100,27100,27100,27100,27100
sublimation blanks,True,True,8100,1.75,HIGH,,9900,12100,12100,9900,8100,9900,8100,6600,6600,6600,6600,5400
resin molds,True,True,18100,0.73,HIGH,,18100,18100,18100,22200,18100,18100,18100,22200,18100,14800,14800,14800
epoxy resin,True,True,49500,1.1,HIGH,,49500,49500,49500,49500,49500,60500,60500,60500,49500,49500,49500,40500
clay tools,True,True,4400,0.55,HIGH,,2900,4400,5400,5400,5400,5400,4400,4400,4400,4400,4400,2900
pottery wheel,True,True,49500,0.72,HIGH,,40500,40500,49500,49500,60500,60500,49500,49500,49500,49500,40500,33100
kiln,True,True,110000,1.12,LOW,,74000,90500,90500,90500,90500,90500,110000,90500,90500,246000,110000,90500
3d printer filament,True,True,135000,1.11,HIGH,,90500,110000,110000,110000,165000,246000,246000,201000,165000,135000,110000,110000
3d printer,True,True,823000,1.13,HIGH,,450000,550000,673000,673000,1000000,1220000,1000000,823000,1000000,1000000,1500000,1000000
arduino kit,True,True,5400,1.09,HIGH,,3600,4400,5400,6600,6600,6600,5400,5400,5400,5400,5400,4400
raspberry pi,True,True,201000,0.56,HIGH,,165000,165000,165000,201000,201000,246000,246000,201000,246000,246000,201000,201000
breadboard,True,True,27100,0.61,HIGH,,18100,22200,33100,33100,27100,27100,33100,33100,33100,27100,22200,18100
jumper wires,True,True,6600,0.54,HIGH,,6600,6600,6600,8100,6600,6600,8100,8100,8100,8100,6600,6600
led strips,True,True,12100,1.2,HIGH,,9900,12100,12100,12100,14800,14800,12100,9900,9900,9900,9900,9900
servo motors,True,True,18100,2.58,MEDIUM,,14800,14800,18100,22200,18100,18100,14800,18100,18100,18100,14800,12100
sensors kit,True,True,170,0.46,HIGH,,170,170,170,210,170,210,170,170,170,170,140,170
multimeter,True,True,110000,0.45,HIGH,,90500,110000,110000,110000,110000,110000,110000,90500,110000,110000,90500,110000
soldering iron,True,True,110000,0.51,HIGH,,90500,90500,110000,110000,110000,110000,110000,90500,110000,90500,90500,74000
solder,True,True,90500,0.79,MEDIUM,,74000,90500,90500,90500,90500,90500,90500,90500,90500,90500,90500,74000
helping hands,True,True,90500,5.87,LOW,,90500,90500,90500,90500,90500,90500,90500,74000,90500,74000,74000,74000
magnifier,True,True,27100,1.05,MEDIUM,,22200,49500,27100,27100,27100,27100,22200,22200,22200,22200,22200,22200
headlamp rechargeable,True,True,2900,1.17,HIGH,,1900,1900,2400,3600,4400,5400,2900,2400,2400,1900,1600,1900
work gloves,True,True,22200,1.89,HIGH,,18100,27100,22200,22200,27100,33100,18100,14800,18100,18100,18100,18100
safety glasses,True,True,60500,2.88,HIGH,,49500,74000,74000,60500,40500,40500,60500,49500,60500,60500,49500,49500
ear muffs,True,True,60500,1.1,HIGH,,22200,22200,27100,49500,110000,201000,90500,40500,27100,22200,18100,18100
knee pads work,True,True,9900,0.6,HIGH,,9900,9900,9900,8100,8100,8100,9900,8100,9900,9900,9900,9900
tool bag,True,True,33100,0.67,HIGH,,33100,33100,33100,33100,40500,40500,33100,33100,40500,27100,27100,33100
socket set,True,True,49500,0.67,HIGH,,40500,49500,40500,49500,60500,60500,40500,40500,49500,40500,40500,49500
wrench set,True,True,27100,0.6,HIGH,,22200,22200,22200,22200,27100,27100,22200,22200,33100,22200,22200,22200
pliers set,True,True,8100,0.74,HIGH,,8100,8100,8100,8100,9900,9900,8100,6600,8100,6600,5400,6600
hammer,True,True,110000,0.62,HIGH,,90500,110000,135000,135000,110000,110000,135000,110000,135000,135000,110000,90500
mallet,True,True,40500,0.52,MEDIUM,,27100,60500,40500,40500,33100,33100,33100,33100,40500,135000,33100,27100
utility knife,True,True,40500,1.13,HIGH,,40500,49500,49500,60500,49500,49500,49500,40500,40500,40500,40500,40500
box cutter,True,True,40500,1.37,HIGH,,33100,40500,40500,40500,40500,40500,40500,33100,33100,33100,40500,33100
duct tape,True,True,74000,1.28,HIGH,,74000,90500,74000,90500,74000,74000,74000,60500,74000,74000,74000,74000
masking tape,True,True,60500,1.46,HIGH,,60500,74000,60500,60500,49500,60500,60500,49500,49500,49500,60500,49500
painter tape,True,True,2900,0.91,HIGH,,2900,3600,2900,2900,2900,2900,2900,2900,2900,2900,2900,2900
zip ties,True,True,90500,3.31,HIGH,,90500,90500,90500,110000,90500,90500,74000,74000,90500,90500,90500,90500
velcro straps,True,True,27100,0.89,HIGH,,27100,33100,27100,33100,27100,27100,27100,22200,27100,27100,27100,27100
hooks,True,True,201000,0.89,LOW,,201000,246000,201000,201000,201000,201000,201000,201000,246000,201000,201000,201000
command strips,True,True,60500,0.69,HIGH,,74000,110000,74000,60500,74000,74000,60500,40500,49500,49500,49500,60500
wall anchors,True,True,22200,0.48,HIGH,,27100,27100,22200,22200,22200,22200,27100,18100,22200,22200,22200,22200
screws,True,True,74000,1.25,HIGH,,60500,60500,74000,74000,74000,74000,74000,74000,74000,74000,74000,60500
nails,True,True,1000000,0.47,HIGH,,1220000,1220000,1000000,1000000,1000000,1000000,1000000,1000000,1000000,1000000,1220000,1000000
wood glue,True,True,40500,0.52,HIGH,,49500,40500,40500,40500,40500,40500,49500,40500,49500,40500,40500,40500
super glue,True,True,49500,0.65,HIGH,,49500,49500,49500,60500,60500,60500,49500,49500,49500,49500,49500,49500
epoxy,True,True,74000,1.48,HIGH,,74000,74000,90500,90500,90500,90500,90500,74000,74000,74000,74000,74000
caulk,True,True,90500,0.54,HIGH,,90500,90500,90500,90500,90500,74000,90500,74000,90500,90500,90500,90500
caulk gun,True,True,60500,0.94,LOW,,74000,74000,74000,74000,74000,60500,60500,49500,60500,60500,60500,60500
paint tray,True,True,6600,0.54,HIGH,,6600,6600,6600,6600,5400,5400,6600,5400,6600,6600,6600,5400
drop cloth,True,True,14800,0.75,HIGH,,14800,14800,27100,14800,12100,9900,12100,12100,12100,14800,14800,12100
sandpaper,True,True,27100,0.51,HIGH,,22200,27100,27100,33100,27100,27100,22200,22200,27100,27100,27100,22200
orbital sander,True,True,33100,0.57,HIGH,,40500,40500,40500,33100,33100,33100,33100,27100,33100,40500,40500,40500
jigsaw,True,True,246000,0.71,HIGH,,201000,201000,246000,550000,246000,201000,201000,201000,246000,246000,201000,201000
circular saw,True,True,90500,0.58,HIGH,,90500,90500,90500,90500,90500,90500,90500,74000,90500,90500,90500,90500
reciprocating saw,True,True,60500,0.57,HIGH,,60500,74000,60500,60500,74000,60500,49500,49500,60500,74000,74000,74000
angle grinder,True,True,74000,0.6,HIGH,,74000,74000,74000,110000,74000,60500,60500,60500,74000,90500,90500,74000
impact driver,True,True,49500,0.61,HIGH,,49500,60500,49500,49500,60500,49500,49500,40500,49500,49500,49500,49500
cordless drill,True,True,27100,0.59,HIGH,,27100,27100,27100,33100,33100,33100,22200,22200,27100,27100,22200,18100
battery pack,True,True,22200,1.15,HIGH,,22200,18100,18100,18100,22200,22200,33100,14800,18100,18100,18100,22200
work light,True,True,12100,0.78,HIGH,,9900,9900,12100,14800,18100,18100,12100,9900,12100,9900,9900,9900
clamp set,True,True,390,0.96,HIGH,,390,390,390,390,480,480,320,320,320,390,390,320
best laptop,True,True,90500,2.72,LOW,,33100,33100,33100,49500,49500,33100,33100,33100,49500,90500,550000,201000
best yoga mat,True,True,12100,1.82,HIGH,,14800,12100,9900,9900,18100,18100,14800,12100,12100,9900,9900,9900
best air fryer,True,True,74000,1.34,HIGH,,74000,74000,74000,60500,90500,90500,90500,60500,60500,60500,60500,60500
best kindle,True,True,6600,1.95,MEDIUM,,8100,5400,5400,5400,9900,12100,6600,4400,5400,5400,5400,6600
best protein powder,True,True,74000,1.8,HIGH,,90500,90500,74000,74000,60500,60500,110000,74000,90500,90500,74000,74000
best wireless earbuds,True,True,33100,1.59,HIGH,,40500,33100,33100,33100,40500,40500,27100,27100,40500,27100,27100,27100
best phone case,True,True,2400,1.94,HIGH,,2900,2400,2900,2400,2900,2900,2900,1900,2400,1900,1900,1900
best water bottle,True,True,22200,0.84,HIGH,,33100,33100,22200,18100,22200,22200,22200,18100,22200,22200,22200,22200
best led lights,True,True,1300,1.4,HIGH,,1600,1600,1300,1300,1900,1900,1300,1000,1300,1000,1000,1000
best gaming chair,True,True,27100,3.1,HIGH,,27100,27100,22200,22200,40500,40500,27100,22200,22200,18100,18100,18100
best desk lamp,True,True,2400,1.55,HIGH,,2900,2900,2400,2400,2900,2900,2900,1900,2400,1600,1600,1600
best bluetooth speaker,True,True,27100,2,HIGH,,40500,27100,27100,22200,33100,33100,18100,18100,22200,22200,27100,27100
best electric toothbrush,True,True,74000,1.9,HIGH,,90500,60500,60500,60500,90500,90500,74000,60500,60500,60500,60500,60500
best hair dryer,True,True,27100,2.41,HIGH,,27100,22200,22200,27100,40500,49500,27100,22200,22200,22200,22200,18100
best shampoo,True,True,18100,1.93,HIGH,,22200,22200,22200,18100,18100,18100,22200,18100,18100,18100,18100,18100
best conditioner,True,True,8100,1.08,HIGH,,9900,9900,8100,8100,8100,8100,8100,8100,8100,8100,8100,8100
best running shoes,True,True,60500,1.32,HIGH,,60500,60500,60500,49500,60500,49500,49500,40500,60500,60500,60500,49500
best backpack,True,True,14800,1.45,HIGH,,27100,27100,12100,12100,14800,14800,12100,9900,12100,9900,12100,12100
best coffee maker,True,True,40500,1.06,HIGH,,40500,40500,40500,40500,60500,60500,49500,40500,40500,33100,33100,27100
best instant pot,True,True,5400,1.22,HIGH,,5400,4400,4400,5400,9900,12100,6600,4400,4400,3600,4400,4400
best robot vacuum,True,True,60500,2.86,HIGH,,74000,60500,49500,49500,90500,74000,49500,40500,49500,49500,49500,60500
best smart watch,True,True,8100,1.74,HIGH,,22200,8100,5400,5400,6600,5400,6600,5400,8100,9900,12100,12100
best tablet stand,True,True,140,0.66,HIGH,,210,140,210,170,140,170,140,110,90,110,110,90
best usb c hub,True,True,1300,0.84,MEDIUM,,1300,1000,880,1000,1000,1000,1000,720,3600,2400,1600,1000
best portable charger,True,True,14800,1.13,HIGH,,18100,14800,12100,12100,18100,22200,14800,9900,14800,14800,18100,18100
best webcam,True,False,,,,null search_volume,,,,,,,,,,,,
best mechanical keyboard,True,True,9900,1.14,HIGH,,9900,9900,8100,8100,12100,12100,9900,8100,12100,8100,8100,8100
best gaming mouse,True,True,18100,0.98,HIGH,,18100,18100,14800,14800,27100,27100,18100,22200,22200,14800,14800,14800
best monitor stand,True,True,1000,1.94,HIGH,,1300,1300,1000,1000,1300,1300,1000,880,880,880,880,880
best office chair,True,True,33100,4.53,HIGH,,40500,40500,33100,33100,40500,40500,33100,33100,33100,33100,27100,27100
best standing desk,True,True,9900,6.85,HIGH,,12100,9900,9900,8100,9900,8100,8100,8100,12100,9900,8100,8100
best mattress topper,True,True,27100,4.56,HIGH,,33100,33100,22200,22200,27100,22200,22200,22200,27100,27100,27100,27100
best pillow,True,True,40500,3.89,HIGH,,49500,49500,40500,40500,49500,60500,49500,40500,40500,40500,40500,33100
best duvet cover,True,True,8100,4.47,HIGH,,9900,9900,9900,9900,14800,9900,9900,8100,8100,6600,6600,5400
best kitchen knife,True,True,12100,2.1,HIGH,,9900,9900,9900,12100,27100,27100,12100,8100,8100,6600,8100,8100
best cutting board,True,True,27100,1.53,HIGH,,33100,27100,22200,22200,40500,40500,27100,18100,18100,18100,18100,18100
best cast iron skillet,True,True,12100,2.12,HIGH,,9900,9900,9900,12100,18100,22200,12100,9900,9900,8100,8100,8100
best blender,True,True,22200,1.3,HIGH,,27100,22200,18100,18100,27100,22200,22200,18100,22200,22200,22200,22200
best toaster,True,True,22200,1.01,HIGH,,18100,18100,18100,18100,27100,27100,22200,18100,18100,18100,18100,18100
best microwave,True,True,14800,1.25,HIGH,,14800,14800,12100,12100,18100,14800,18100,14800,14800,14800,14800,14800
best air purifier,True,True,49500,3.32,HIGH,,49500,60500,49500,49500,60500,49500,49500,40500,49500,40500,40500,40500
best humidifier,True,True,18100,2.03,HIGH,,8100,8100,9900,18100,40500,49500,40500,22200,12100,8100,8100,5400
best dehumidifier,True,True,14800,2.85,HIGH,,33100,22200,14800,12100,12100,9900,8100,6600,12100,14800,18100,22200
best space heater,True,True,9900,1,HIGH,,880,1600,3600,18100,22200,27100,27100,9900,2400,1600,1000,480
best fan,True,True,5400,1.12,HIGH,,12100,8100,3600,2400,1900,1600,1600,1900,5400,6600,8100,12100
best extension cord,True,True,1300,1.27,HIGH,,1600,1300,1000,1300,1300,1600,1300,1000,1300,1000,1000,1300
best power strip,True,True,1900,0.91,HIGH,,2400,1900,1600,1600,1900,1900,1900,1600,1600,1600,1600,1600
best surge protector,True,True,4400,0.98,HIGH,,5400,5400,3600,3600,4400,4400,4400,2900,3600,2900,2900,3600
best hdmi cable,True,True,3600,0.76,HIGH,,4400,3600,3600,3600,4400,5400,4400,3600,3600,2900,2900,3600
best ethernet cable,True,True,4400,0.96,HIGH,,4400,5400,4400,4400,4400,5400,4400,3600,4400,3600,3600,3600
best wifi router,True,True,12100,2.77,HIGH,,14800,14800,12100,12100,12100,12100,9900,9900,12100,9900,9900,9900
best mesh wifi,True,True,3600,2.11,HIGH,,6600,6600,4400,3600,3600,2900,2900,2400,2400,2400,2400,2900
best security camera,True,True,12100,6.11,HIGH,,18100,14800,14800,14800,14800,12100,9900,12100,12100,9900,9900,12100
best doorbell camera,True,True,14800,2.72,HIGH,,18100,14800,12100,14800,14800,14800,12100,18100,12100,12100,12100,14800
best smart bulb,True,True,3600,0.78,HIGH,,4400,5400,3600,4400,4400,3600,3600,2400,3600,2400,2400,2900
best smart plug,True,True,2400,0.89,HIGH,,2400,1900,1900,2900,5400,4400,2400,1900,1900,1300,1600,1600
best thermostat,True,True,6600,1.51,HIGH,,8100,6600,5400,8100,8100,6600,6600,4400,4400,3600,4400,5400
best pet bed,True,True,320,4.44,HIGH,,210,260,260,260,390,390,390,210,260,260,320,260
best dog leash,True,True,2900,1.69,HIGH,,3600,3600,2900,2900,2900,2900,2900,2400,2900,2900,2900,2400
best cat litter,True,True,27100,1.31,HIGH,,33100,33100,33100,33100,27100,27100,27100,22200,27100,27100,27100,27100
best bird feeder,True,True,4400,0.96,HIGH,,4400,2900,2400,2400,4400,6600,3600,3600,5400,6600,8100,5400
best camping tent,True,True,1000,0.74,HIGH,,1900,1300,1000,720,590,590,590,590,880,1000,1300,1300
best sleeping bag,True,True,4400,1.31,HIGH,,4400,4400,4400,4400,5400,4400,4400,2900,4400,4400,5400,3600
best hiking backpack,True,True,5400,1.11,HIGH,,8100,6600,5400,4400,4400,4400,4400,4400,5400,5400,6600,6600
best fishing rod,True,True,9900,0.81,HIGH,,14800,9900,8100,6600,6600,8100,4400,5400,9900,12100,14800,14800
best bicycle pump,True,True,1900,0.97,HIGH,,2900,2900,2400,1900,1900,1600,1300,1000,1900,2400,2400,2400
best bike lock,True,True,8100,0.94,HIGH,,12100,14800,12100,6600,5400,5400,5400,4400,8100,9900,12100,9900
best car phone mount,True,True,3600,0.97,HIGH,,5400,4400,4400,3600,4400,5400,2900,2400,2900,2900,3600,3600
best dash cam,True,True,22200,1.88,HIGH,,40500,33100,14800,18100,27100,27100,18100,14800,14800,14800,14800,14800
best tire inflator,True,True,5400,1.23,HIGH,,4400,4400,3600,5400,8100,9900,5400,4400,3600,3600,2900,2900
best jump starter,True,True,5400,1.59,HIGH,,5400,4400,4400,5400,8100,9900,8100,5400,4400,4400,4400,3600
best tool set,True,True,1300,0.73,HIGH,,1300,1300,1000,1300,1900,1900,1000,880,1000,1000,1000,1000
best drill,True,True,2900,0.71,HIGH,,2900,2900,2900,2900,3600,3600,2400,2400,2900,2900,3600,2900
best screwdriver set,True,True,2400,0.67,HIGH,,2400,2400,2400,2400,4400,4400,2400,1900,2400,2400,1900,2400
best measuring tape,True,True,5400,0.68,HIGH,,5400,5400,5400,6600,6600,6600,5400,5400,5400,5400,6600,6600
best paint roller,True,True,1000,1,HIGH,,1300,1600,1000,1000,1000,880,1000,1000,1300,1000,1300,1000
best garden hose,True,True,12100,1.02,HIGH,,18100,12100,8100,5400,3600,2900,2900,4400,14800,22200,27100,22200
best lawn mower,True,True,9900,1.2,HIGH,,14800,12100,8100,5400,4400,2400,3600,4400,14800,22200,18100,14800
best plant pot,True,True,170,1.28,HIGH,,170,140,140,140,170,110,110,110,170,210,210,170
best fertilizer,True,True,3600,0.67,MEDIUM,,2900,2400,1900,1600,1000,880,1300,2400,9900,8100,8100,6600
best sunscreen,True,True,33100,0.84,HIGH,,60500,27100,14800,9900,9900,9900,12100,18100,40500,40500,60500,74000
best moisturizer,True,True,14800,1.89,HIGH,,14800,14800,14800,14800,18100,14800,18100,14800,14800,14800,14800,12100
best face wash,True,True,22200,1.59,HIGH,,27100,27100,27100,22200,27100,22200,27100,22200,27100,22200,22200,22200
best body lotion,True,True,14800,1.22,HIGH,,14800,14800,12100,12100,14800,14800,18100,14800,14800,14800,12100,12100
best deodorant,True,True,12100,2.04,HIGH,,14800,14800,12100,9900,8100,8100,9900,9900,12100,12100,12100,12100
best razor,True,True,3600,2.44,HIGH,,5400,5400,4400,3600,3600,4400,3600,2900,3600,3600,3600,3600
best nail clipper,True,True,9900,1.4,HIGH,,9900,9900,9900,9900,9900,12100,12100,9900,9900,8100,8100,8100
best toothbrush,True,True,14800,2.57,HIGH,,18100,14800,14800,14800,18100,18100,18100,14800,18100,14800,14800,14800
best toothpaste,True,True,33100,2.01,HIGH,,40500,40500,33100,33100,33100,33100,40500,33100,40500,40500,40500,40500
best floss,True,True,9900,0.98,HIGH,,9900,9900,9900,9900,9900,9900,9900,9900,9900,9900,9900,9900
best vitamins,True,True,5400,6.2,HIGH,,5400,5400,5400,5400,5400,5400,6600,5400,5400,5400,5400,5400
best protein bar,True,True,40500,0.92,HIGH,,49500,49500,40500,33100,27100,22200,49500,40500,40500,40500,33100,33100
best granola,True,True,2900,0.62,HIGH,,2900,2900,2400,2400,1900,1900,3600,2900,3600,2900,2900,2900
best olive oil,True,True,22200,1.13,HIGH,,22200,22200,18100,18100,22200,27100,27100,22200,22200,22200,22200,18100
best rice cooker,True,True,27100,1.06,HIGH,,27100,27100,27100,27100,33100,40500,33100,27100,27100,27100,27100,27100
best slow cooker,True,True,12100,0.92,HIGH,,9900,9900,14800,18100,22200,18100,14800,9900,9900,8100,6600,6600
best waffle maker,True,True,9900,0.79,HIGH,,9900,9900,9900,9900,14800,18100,12100,9900,9900,9900,8100,8100
best ice cream maker,True,True,9900,0.88,HIGH,,14800,9900,5400,5400,12100,12100,5400,5400,6600,6600,9900,12100
best juicer,True,True,18100,2.3,HIGH,,18100,18100,14800,14800,22200,22200,22200,18100,14800,14800,14800,12100
best food processor,True,True,12100,1.3,HIGH,,12100,12100,9900,12100,22200,18100,14800,9900,12100,9900,9900,9900
best hand mixer,True,True,8100,0.95,HIGH,,6600,5400,5400,6600,14800,18100,8100,6600,6600,5400,5400,5400
best phone charger,True,True,1000,1.5,HIGH,,1300,1000,1000,1000,1300,1600,1000,880,880,880,1000,1000
best usb cable,True,True,390,0.8,HIGH,,590,390,320,390,390,390,480,480,390,390,320,320
best laptop stand,True,True,1600,1.34,HIGH,,1600,1600,1600,1300,1600,1600,1600,1600,1600,1600,1300,1300
best microphone,True,True,3600,1.18,HIGH,,3600,3600,2900,2900,4400,4400,3600,2900,2900,3600,4400,2900
best headset,True,True,3600,2.02,HIGH,,4400,3600,2900,3600,5400,5400,3600,2900,2900,2900,2900,2900
best keyboard,True,True,12100,1.27,HIGH,,12100,12100,9900,12100,14800,18100,14800,12100,12100,9900,9900,9900
best mouse,True,True,8100,0.95,HIGH,,9900,9900,8100,8100,9900,9900,9900,8100,9900,8100,8100,8100
best mouse pad,True,True,6600,1.19,HIGH,,5400,5400,4400,4400,8100,8100,6600,6600,6600,5400,5400,5400
best desk organizer,True,True,320,1.03,HIGH,,320,390,320,260,320,320,390,210,260,210,260,260
best monitor arm,True,True,1000,1.87,HIGH,,1600,1300,1000,1000,1600,1300,1300,1000,1000,1000,1000,1000
best ssd drive,True,True,210,1.72,HIGH,,260,170,260,390,320,260,260,140,140,170,170,140
best hard drive,True,True,1000,1.54,HIGH,,1000,1000,1000,1000,1300,1000,1000,880,880,880,720,720
best flash drive,True,True,4400,0.61,HIGH,,5400,5400,5400,5400,5400,4400,4400,4400,4400,4400,3600,3600
best memory card,True,True,210,0.49,HIGH,,210,170,170,170,210,210,170,210,170,140,210,170
best router,True,True,9900,1.55,HIGH,,12100,12100,9900,9900,12100,9900,9900,8100,9900,9900,9900,8100
best printer,True,True,5400,1.55,HIGH,,5400,5400,5400,4400,5400,5400,5400,5400,5400,5400,5400,4400
best ink cartridge,True,True,140,1.69,HIGH,,140,110,110,110,140,140,210,170,140,170,110,110
best paper towels,True,True,2400,0.89,HIGH,,2400,2400,2400,1900,1900,1900,2400,1900,2400,1900,2400,1900
best trash bags,True,True,590,0.89,HIGH,,720,720,590,590,590,590,720,480,590,590,590,720
best laundry detergent,True,True,27100,1.44,HIGH,,27100,33100,27100,27100,27100,27100,27100,22200,27100,27100,27100,27100
best fabric softener,True,True,2900,0.96,HIGH,,3600,3600,2900,2900,2900,2900,3600,2900,2900,2900,2900,2400
best dishwasher pods,True,True,4400,0.83,HIGH,,4400,4400,4400,5400,4400,4400,5400,4400,4400,4400,4400,4400
best hand soap,True,True,5400,1.74,HIGH,,5400,6600,5400,5400,5400,5400,5400,5400,5400,5400,5400,5400
best body wash,True,True,12100,1.07,HIGH,,14800,14800,12100,12100,12100,12100,12100,12100,12100,12100,12100,12100
best lip balm,True,True,18100,1.05,HIGH,,12100,12100,12100,18100,27100,33100,27100,18100,14800,14800,12100,9900
best shaving cream,True,True,4400,1.34,HIGH,,5400,4400,4400,3600,3600,4400,3600,3600,4400,4400,4400,4400
best cotton swabs,True,True,390,0.95,HIGH,,880,480,720,880,720,390,210,210,210,140,110,140
best band aids,True,True,260,1.17,HIGH,,480,390,320,260,210,260,320,260,260,260,260,260
best first aid kit,True,True,2400,2.56,HIGH,,2900,2400,2400,1900,1900,2400,2400,1900,2900,2400,2400,2400
best vitamins d,True,True,4400,2.99,HIGH,,4400,4400,4400,4400,4400,5400,5400,5400,5400,5400,4400,4400
best fish oil,True,True,3600,2.39,HIGH,,4400,3600,3600,3600,2900,2900,3600,3600,3600,3600,3600,2900
best collagen,True,True,9900,3.67,HIGH,,9900,9900,8100,8100,8100,8100,12100,9900,9900,9900,12100,9900
best creatine,True,True,27100,3.01,HIGH,,27100,27100,27100,22200,22200,18100,27100,27100,33100,27100,27100,27100
best pre workout,True,True,33100,1.98,HIGH,,33100,33100,33100,27100,27100,27100,40500,33100,33100,33100,27100,27100
best protein shake,True,True,33100,2.63,HIGH,,40500,40500,33100,27100,22200,22200,40500,33100,33100,33100,27100,27100
best meal prep containers,True,True,2900,0.8,HIGH,,3600,3600,2900,2400,2400,2900,4400,2900,2900,2900,2900,2900
best water filter,True,True,22200,3.67,HIGH,,33100,27100,22200,18100,18100,18100,22200,18100,27100,22200,22200,18100
best coffee beans,True,True,12100,2.41,HIGH,,9900,9900,9900,9900,14800,22200,14800,12100,12100,9900,9900,9900
best tea bags,True,True,1300,1.32,HIGH,,880,880,1000,1300,1600,1900,1900,1300,1000,880,880,590
best matcha,True,True,8100,2.69,HIGH,,12100,9900,8100,6600,8100,8100,8100,6600,8100,8100,9900,8100
best protein cookies,True,True,480,1.53,HIGH,,590,590,480,590,390,390,590,480,480,590,480,480
best energy drinks,True,True,18100,5.38,HIGH,,18100,18100,18100,18100,14800,14800,14800,14800,18100,22200,18100,18100
best soda stream,True,True,590,1.69,HIGH,,480,590,390,390,880,1000,720,480,480,480,590,590
best blender bottle,True,True,590,1.05,HIGH,,720,720,590,480,590,720,720,590,590,590,480,480
best lunch box,True,True,5400,0.8,HIGH,,8100,9900,5400,3600,4400,4400,4400,3600,4400,3600,4400,4400
best thermos,True,True,1600,0.88,HIGH,,1600,1600,1600,1600,2400,2900,1900,1300,1300,1000,1000,1000
best travel mug,True,True,3600,0.85,HIGH,,3600,3600,3600,3600,5400,8100,3600,2900,2900,2900,2400,2400
best wine glasses,True,True,3600,2.59,HIGH,,3600,3600,2900,3600,6600,8100,3600,2900,3600,2900,2900,2400
best baking sheet,True,True,9900,1.2,HIGH,,6600,6600,6600,8100,18100,22200,9900,6600,6600,6600,6600,5400
best mixing bowls,True,True,1900,1.2,HIGH,,1900,1600,1600,1600,3600,3600,2400,1600,1300,1300,1300,1300
best storage bins,True,True,720,1.23,HIGH,,880,880,720,720,880,880,1000,590,720,590,590,590
best vacuum bags,True,True,390,1.94,HIGH,,480,390,320,320,390,390,480,390,390,480,480,480
best hangers,True,True,2400,1.34,HIGH,,2900,2400,2400,2400,2400,2400,2400,1900,1900,1900,1900,1900
best shoe rack,True,True,1900,1.4,HIGH,,2400,2400,1900,1900,1900,2400,1900,1300,1600,1900,1600,1600
best laundry basket,True,True,3600,1.14,HIGH,,4400,4400,3600,3600,4400,4400,4400,3600,3600,3600,3600,3600
best ironing board,True,True,4400,1.03,HIGH,,5400,5400,4400,3600,4400,3600,3600,2900,3600,3600,4400,4400
best steam iron,True,True,3600,1.42,HIGH,,5400,4400,3600,3600,3600,2900,2900,2400,4400,3600,3600,3600
best tower fan,True,True,5400,1.46,HIGH,,12100,8100,4400,2400,1900,1300,1300,1600,5400,5400,8100,12100
best ceiling fan,True,True,8100,1.61,HIGH,,14800,9900,8100,6600,6600,4400,5400,5400,8100,8100,8100,9900
best light bulbs,True,True,2400,0.78,HIGH,,2400,2900,2900,2900,3600,2900,2900,2400,2400,2400,2400,1900
best smoke detector,True,True,5400,1.42,HIGH,,6600,6600,5400,6600,6600,5400,5400,5400,5400,4400,4400,4400
best carbon monoxide detector,True,True,12100,3.7,HIGH,,5400,5400,5400,8100,8100,8100,14800,22200,40500,18100,9900,9900
best fire extinguisher,True,True,480,1.73,HIGH,,590,390,590,480,590,480,590,390,590,390,390,480
best tape measure,True,True,5400,0.68,HIGH,,5400,5400,5400,6600,6600,6600,5400,5400,5400,5400,6600,6600
best level tool,True,True,140,0.51,HIGH,,140,140,140,110,170,210,110,90,110,170,140,140
best paint brushes,True,True,1600,0.59,HIGH,,1600,1600,1600,1600,1900,1900,1600,1600,1600,1600,1600,1600
best wallpaper,True,True,14800,2.3,HIGH,,14800,18100,18100,18100,14800,14800,18100,14800,14800,14800,14800,9900
best curtain rods,True,True,1300,2.5,HIGH,,1600,1600,1300,1300,1600,1300,1600,1000,1600,1300,1300,1300
best blackout curtains,True,True,5400,2.27,HIGH,,6600,6600,4400,3600,4400,3600,4400,3600,5400,4400,6600,6600
best throw pillows,True,True,1300,2.26,HIGH,,1600,1600,1600,1300,1600,1300,1300,1000,1000,1000,1000,880
best blanket,True,True,6600,5.29,HIGH,,3600,4400,5400,6600,14800,18100,6600,4400,3600,4400,4400,3600
best bed sheets,True,True,33100,5.71,HIGH,,40500,40500,33100,33100,49500,40500,33100,33100,33100,33100,33100,27100
best pillow cases,True,True,1000,4.05,HIGH,,1000,880,880,880,1300,1300,1000,880,1000,880,880,880
best alarm clock,True,True,6600,0.92,HIGH,,6600,8100,6600,6600,8100,9900,8100,6600,6600,5400,5400,5400
best night light,True,True,1300,1.01,HIGH,,1300,1600,1600,1600,1900,1600,1600,1000,1300,1300,1300,1000
best book light,True,True,2400,0.75,HIGH,,2400,1900,1900,1900,3600,5400,3600,2400,1900,1900,1900,1900
best kindle case,True,True,1900,1.1,HIGH,,1900,1300,1000,1300,1900,2900,2400,1600,1600,1600,1600,1900
best ipad case,True,True,3600,1.28,HIGH,,4400,3600,3600,3600,4400,8100,4400,2900,2900,2900,2900,2900
best phone holder,True,True,880,1.65,HIGH,,1000,1000,880,880,1000,1300,880,720,880,880,880,880
best car mount,True,True,260,0.86,HIGH,,390,320,320,210,260,390,210,210,260,260,260,210
best car vacuum,True,True,8100,1.2,HIGH,,9900,8100,8100,8100,9900,12100,6600,6600,8100,8100,9900,8100
best car phone charger,True,True,390,0.74,HIGH,,480,480,390,390,320,390,320,260,390,390,390,320
best bike lights,True,True,2900,1,HIGH,,4400,4400,4400,4400,4400,2900,1900,1600,2900,2900,2900,2900
best helmet,True,True,1300,1.1,HIGH,,1300,1600,1600,1300,1300,1000,1000,1000,1300,1600,1600,1600
best yoga block,True,True,90,1.66,HIGH,,70,70,90,70,110,90,110,90,90,110,90,110
best resistance bands,True,True,5400,1.04,HIGH,,5400,4400,4400,3600,4400,4400,5400,4400,4400,5400,6600,5400
best dumbbells,True,True,1600,2.69,HIGH,,1600,1600,1300,1300,1600,1600,1900,1300,1600,1900,2900,1600
best kettlebell,True,True,3600,1.59,HIGH,,3600,2900,2400,2400,3600,4400,4400,2900,3600,2900,2900,3600
best jump rope,True,True,2400,1.17,HIGH,,2900,2400,2400,2400,2400,2400,2900,2400,2900,2900,2900,2900
best foam roller,True,True,1900,0.97,HIGH,,2400,1900,1900,1600,1900,2400,1900,1600,1900,1900,1900,1900
best massage gun,True,True,12100,2.22,MEDIUM,,12100,12100,9900,12100,18100,27100,12100,9900,9900,9900,8100,9900
best running belt,True,True,3600,1.26,HIGH,,4400,3600,4400,3600,3600,2900,2900,2900,4400,4400,4400,4400
best gym bag,True,True,6600,1.84,HIGH,,6600,6600,5400,5400,8100,9900,9900,6600,6600,5400,5400,5400
best camping stove,True,True,2400,0.82,HIGH,,3600,2900,2400,1900,1900,1600,2400,1300,3600,2900,3600,3600
best flashlight,True,True,18100,0.98,HIGH,,18100,18100,18100,18100,27100,27100,18100,14800,14800,12100,12100,12100
best headlamp,True,True,8100,1.05,HIGH,,6600,8100,8100,9900,18100,18100,9900,6600,6600,5400,6600,5400
best pocket knife,True,False,,,,null search_volume,,,,,,,,,,,,
best multi tool,True,True,3600,1.04,HIGH,,3600,3600,3600,3600,4400,4400,2900,2400,2900,2400,2900,2400
best suitcase,True,True,8100,4.49,HIGH,,9900,8100,8100,8100,12100,9900,8100,8100,8100,6600,8100,8100
best travel adapter,True,True,1300,0.8,HIGH,,1600,1300,1000,1000,1000,1000,880,880,1000,1000,1900,1300
best packing cubes,True,True,6600,2.14,HIGH,,8100,8100,5400,4400,8100,8100,5400,4400,5400,5400,6600,6600
best passport holder,True,True,1600,1.39,HIGH,,1900,1600,1300,1300,1900,2400,1600,1600,1900,1300,1600,1600
best wallet,True,True,8100,2.84,HIGH,,9900,9900,8100,8100,9900,9900,8100,5400,6600,6600,8100,6600
best crossbody bag,True,True,4400,1.6,HIGH,,5400,5400,4400,4400,5400,6600,4400,3600,4400,4400,4400,4400
best tote bag,True,True,6600,1.65,HIGH,,8100,8100,6600,6600,9900,8100,6600,5400,6600,6600,6600,6600
best messenger bag,True,True,390,1.64,HIGH,,590,590,390,390,480,390,390,390,390,320,390,390
best sunglasses,True,True,6600,2.71,HIGH,,9900,6600,5400,4400,4400,4400,3600,4400,8100,6600,8100,8100
best reading glasses,True,True,4400,3.31,HIGH,,5400,5400,5400,5400,4400,5400,5400,4400,4400,4400,4400,3600
best watch band,True,True,1600,1.81,HIGH,,1600,1600,1600,1600,1600,1600,1600,1300,1600,1600,1600,1600
best necklace,True,True,480,4.97,HIGH,,390,390,320,320,480,590,480,320,390,590,590,480
best bracelet,True,True,590,2.22,MEDIUM,,320,320,320,260,390,480,590,320,590,1000,1900,590
best earrings,True,True,720,4.25,HIGH,,590,590,590,590,880,1000,720,590,590,720,880,720
best ring box,True,True,50,1.01,HIGH,,50,70,70,50,70,70,70,20,40,50,50,50
best jewelry organizer,True,True,720,1.15,HIGH,,880,720,590,590,880,1000,880,590,590,480,590,590
best dog collar,True,True,6600,2.36,HIGH,,8100,8100,6600,6600,6600,6600,6600,5400,6600,5400,5400,5400
best aquarium filter,True,True,1900,0.7,HIGH,,2400,1900,1900,1600,1900,1600,1900,1900,1900,1900,1600,1600
best plant pots,True,True,170,1.28,HIGH,,170,140,140,140,170,110,110,110,170,210,210,170
best leaf blower,True,True,9900,1.54,HIGH,,6600,6600,8100,14800,22200,9900,4400,4400,9900,9900,8100,6600
best pressure washer,True,True,18100,1.45,HIGH,,27100,22200,18100,12100,12100,8100,8100,9900,22200,27100,27100,22200
best patio furniture,True,True,2900,4.19,HIGH,,4400,3600,2400,1900,1900,1000,1600,2400,5400,5400,5400,4400
best grill cover,True,True,720,1.63,HIGH,,880,590,720,390,390,390,390,260,720,880,1000,1000
best coolers,True,True,9900,1.27,HIGH,,22200,14800,12100,8100,6600,5400,4400,4400,8100,8100,12100,18100
best ice packs,True,True,1600,1.35,HIGH,,2900,2400,1600,1300,1000,880,1000,880,1300,1600,1600,2400
best beach towel,True,True,5400,2.38,HIGH,,9900,5400,1900,1300,2400,3600,1900,2400,6600,5400,8100,9900
best swim goggles,True,True,5400,1.24,HIGH,,12100,6600,4400,3600,4400,4400,4400,3600,5400,5400,6600,9900
best snorkel set,True,True,480,1.44,HIGH,,720,480,320,260,390,390,390,390,480,390,480,480
best tackle box,True,True,1300,0.84,HIGH,,2400,1600,1300,880,1000,1600,720,590,1300,1300,1900,2400
best binoculars,True,True,9900,1.99,HIGH,,12100,9900,9900,9900,14800,12100,8100,6600,8100,8100,9900,9900
best telescope,True,True,6600,1.7,HIGH,,5400,6600,6600,8100,12100,9900,5400,5400,6600,6600,4400,4400
best microscope kit,True,True,10,5.82,HIGH,,0,10,10,10,10,10,0,10,10,10,0,10
best lego set,True,True,22200,0.38,HIGH,,18100,14800,14800,18100,33100,40500,27100,14800,14800,14800,14800,14800
best board games,True,True,14800,0.37,HIGH,,14800,14800,12100,12100,27100,40500,18100,12100,9900,9900,12100,12100
best puzzles,True,True,2900,1.41,HIGH,,1900,1600,1600,1900,4400,8100,3600,1900,1900,1600,2400,1300
best playdough,True,True,70,1.72,HIGH,,50,90,90,90,90,90,90,70,70,50,50,40
best crayons,True,True,260,0.87,HIGH,,320,320,260,260,390,390,320,210,260,260,210,260
best markers,True,True,880,0.7,HIGH,,720,720,720,880,1600,1600,880,720,720,720,720,590
best sketchbook,True,True,1000,0.64,HIGH,,1000,1000,1000,1000,1600,1900,1000,880,880,1000,1000,880
best watercolor paints,True,True,3600,0.92,HIGH,,2900,2900,2900,2900,4400,6600,3600,2900,3600,2900,2900,2900
best canvas panels,True,True,10,1.02,HIGH,,10,10,10,10,10,10,10,10,10,10,10,10
best guitar strings,True,True,1600,1.07,HIGH,,1600,1600,1300,1600,1600,1900,1600,1300,1300,1300,1000,1000
best piano keyboard,True,True,880,1.55,HIGH,,880,880,720,880,1600,1900,1000,720,720,720,720,590
best drum sticks,True,True,1000,1.75,HIGH,,1000,1000,1000,1000,1600,2400,1000,1000,880,880,880,720
best microphone stand,True,True,480,1.53,HIGH,,590,480,480,480,590,590,480,480,390,480,480,390
best camera tripod,True,True,1900,1.7,HIGH,,2900,2400,1600,1600,2400,2400,1600,1300,1900,1600,1300,1300
best camera bag,True,True,2400,1.74,HIGH,,2400,2400,1900,1900,2400,2900,1900,1600,2400,1900,1900,1900
best lens cleaner,True,True,170,0.65,HIGH,,210,170,140,140,140,170,140,140,170,170,140,140
best drone,True,True,2900,1.59,HIGH,,3600,2900,2900,2400,3600,5400,2900,2400,2400,2400,2400,2400
best action camera,True,True,4400,0.95,HIGH,,5400,5400,4400,3600,5400,5400,4400,4400,4400,4400,4400,4400
best gopro mount,True,True,110,1.38,HIGH,,140,140,110,90,90,140,90,110,90,90,90,110
best sd card reader,True,True,590,1.06,HIGH,,720,720,720,720,720,720,590,480,590,590,480,590
best external battery,True,True,170,0.81,HIGH,,260,170,210,110,140,170,140,110,140,110,140,170
best power bank,True,True,14800,1.09,HIGH,,18100,14800,12100,12100,14800,14800,18100,9900,12100,12100,14800,14800
best solar charger,True,True,390,1.07,HIGH,,720,390,390,390,320,260,480,210,590,320,320,320
best cable organizer,True,True,170,1.57,HIGH,,260,260,210,170,170,170,170,110,140,110,110,110
best desk mat,True,True,1600,2.26,HIGH,,1900,1900,1600,1600,1600,1900,1600,1300,1600,1300,1300,1300
best monitor light,True,True,140,0.74,HIGH,,170,140,140,140,210,210,140,140,140,140,110,140
best webcam light,True,True,140,1.67,HIGH,,170,170,140,140,170,170,170,140,140,140,110,70
best ring light,True,True,880,1.75,HIGH,,1000,880,880,880,1000,1000,880,720,880,590,590,480
best green screen,True,True,140,1.96,HIGH,,170,170,140,110,140,140,140,140,170,140,90,90
best tripod,True,True,1300,1.85,HIGH,,1300,1300,1000,1300,1600,1600,1300,1000,1300,1000,1000,1300
best selfie stick,True,True,1000,0.8,HIGH,,2400,1300,1000,1000,1000,1300,880,880,1000,880,1000,880
best bluetooth tracker,True,True,260,1.86,HIGH,,390,260,260,260,320,320,260,210,260,260,210,260
best airtag case,True,True,110,0.66,HIGH,,170,140,90,90,140,140,140,110,90,90,90,70
best key finder,True,True,480,1.86,HIGH,,590,480,480,480,480,720,390,390,390,480,390,390
best label maker,True,True,4400,1.29,HIGH,,5400,5400,3600,3600,4400,5400,4400,3600,4400,3600,2900,3600
best laminator,True,True,1000,1.35,HIGH,,1300,1600,1300,1000,1300,1300,1000,1000,880,1000,1000,1000
best stapler,True,True,720,1.45,HIGH,,720,720,720,720,720,720,720,720,720,720,590,590
best binder clips,True,True,20,0.64,HIGH,,20,20,20,20,20,10,20,20,10,30,20,10
best notebooks,True,True,2400,1.51,HIGH,,2900,2900,2400,2400,2900,2900,2900,2400,2400,2400,2400,1900
best planners,True,True,3600,1.36,HIGH,,3600,4400,3600,3600,4400,8100,5400,1900,1900,1900,1900,2400
best pens,True,True,12100,0.97,HIGH,,9900,12100,12100,9900,12100,14800,12100,9900,9900,9900,12100,8100
